id,answer
5e7a923dd6e4ccb8730eb95230e0c908,2001年
a2e9cd802197b8f8dfbe235e2761f9ed,普法茲選侯國
c7c8a85b3f0006d44d86510a22193620,1779年
7f4f68726faed6b987e348340a9e6a61,石油
89908ef5182021a9aec1472c5bbcbd8c,中國地質大學逸夫博物館
14f4fbc7e40d017836f414e71acead71,擊敗關羽
4911c04597a5e2d7eb539efa00c053f8,無條件投降
755ebc079613e214f1abd5d52a6e8d32,抗日戰爭
38e45c1c2c6e7a96080bd753c7fadb43,亞洲太平洋經濟合作會議
d52156507573c4742d4e75a887e5b5d7,阿德里安堡戰役
196459cd4f5ef8c3131171430d4eeaca,13萬公里
f5594e2e303b34fb1620da127d930d9c,專有軟體
a5ba4f33e0a83a9ecba9b0f3adfd7b14,冷戰緊張時期
63ea80494c552fecb4b54eb64f226686,第二次世界大戰
ba806d826731e8dc38c8e8f1300b6726,守將劉馥與蔣濟的規劃
9fe42ca2d1efeaa8e1fd45120612cc8e,謝芝芬
ddbea2ca7dda8989670a5ff773eb243a,生育率
d82f4c4513687055ce042071780452e4,隋唐時代
3d5d21134f95a76609c8441eb73813c4,孫皓
4c2f00fb03ad43b8209325c21201905a,陳綺貞
39ab6557763c3f915179675dedf63b30,1932年
adb2675ed651e3f67ab671f82cc264fb,棉紡織
b8664bcbea5402f9fa5885b9ed231f12,北美
e2d2afe821fc59ddc9227d64e35c7c32,電荷耦合元件檢測器
e84fd3b41339ec4558004d66ebda27d0,京杭大運河
f7dba33d747a99b0429e08b4c1ac3363,烏克蘭
0ab024ea410b8dcf969f868e4c114fe7,網際網路檔案館
37bc5ae3cd3acd6788727c388c397b1d,泰國
d2a6608bafac0e882e002bdddc63db64,18米長車型
ad3029557fb36d544b35f1aec3fbc865,40歲
8d38d1718277da29fee660dcef42ac46,制定法
09cb4edaa869505cd516d727ff4758fd,第一個基督教國家
6bdd2dc8bbbdca1034cba722ec182d98,明尼阿波利斯
6694159995d0c7acf63cedb816d2beb6,維基媒體基金會
237fcd7ae827d78952c9e102123dbe62,在主要的小行星帶內的天體
8fba5163cafc7c9f7b3e772aff3658ea,飛瑞發報
fae75c17ca82f292c196294625258a80,國民政府行政院
0d092b332bd42301a0f90ae706e41e61,教育暨青年局
09d280b721aba108c5f23e2935da60b8,5000萬人
758c8ecbb9d846c0eea65f8e030e3b30,生存權
e88f40dbb7d96a7b1492faa139f131eb,中央軍委國防動員部
7356186cc97b5886809ffee83ac04d93,少年班學院
a0adac4acd0a50397a77d9685351be81,君士坦丁堡
f24fa605a776040ace63cbe06fefaa7f,華人
8b39ea7de68916747694ee8c067f9a18,蘇聯
fc4aa703132069af01b46b80b8926fae,1962年
e3c5c08f75ce0efae51b73cc3ddfb564,奧地利
8db285906d93a358467ec1e26f8dd294,2006年
162146ba9705943f9dbe2acc38df9a10,中生代末期
d2b814fc7e42ff4a009d0bef2e45121e,仁慈博愛
d2760b53cfec7122f970d0da8892bdac,足球
26b334f765f5cb024ca1f03f005626d5,2007年
05e399abc3e32f01bd2252365f9dcc96,通常是所在地的重要地標
cd8c0590f03f7d7c9e3cdcd8b8151167,阿古柏
e0ea97598f9581af2545849e50be240a,朱鎔基
6747fa16af9ecec16411f331f1ffacc2,為了我們集體的利益
bf978949444b59d48d1726cc0ee2c095,1.2公里
91743312a7d0e6afa14d864c32225cd4,西藏
f3a151a19bd7ff605e0a78540a865b10,湟水河
f8dc5b8e2ce2aad1c21615e6cb44669e,巴西
16224a4ba97c1131cd95fe492c3651d8,1622年
9b68f065c607b688fba428a02c4313c2,1921年
6daced661e57826af007d511eb0a26a3,西南四省
44862cd9d221786088b015adfb122df2,氣候濕潤溫和
4230c5ff12e4efaa24d309e8750ff077,三級
35f95deac7a7ed5326c47bc498222e95,孫皓
992806485ca338f51115364ffcd1c894,聯合國教科文組織
c1cb6699c12fa97d98d4b50acfe24078,青浦縣
3ae2000d7df822d5948453092763fc79,失真壓縮
ba9cbdf1823c859bb1c7bb29ecb072d0,中國北方的陝甘寧邊區
d248410b98dd74dd60eab5a65d47ab57,《中華人民共和國憲法》
fa47adfdcf01d2cfed5b5652b8ce72e5,韓戰題材
4dc403fead6031f91139aaa8f7f34536,2014年國際足總世界盃
7dd853027b5e38e65cd11d48020bd18d,中國工程院
4118829deb963df6a256958a92956116,茶葉開支
0a8c59b26a6bca0f4135458db0147543,孫堅
4a047f7b90ba895a48492ecbd041e1f7,2010年
5ed4e9758e5709a5e38bd7a2c3812801,元世祖忽必烈
42829f4621afad8a037b51ce8987a75e,1998年
ba5b79e82cb28dc791cf18f196f29a16,廷續性
a106be069e3193e4538d7ac2ea272ff0,中國內地
d0304d10ad5d9d4d7080585598eee3d2,華佗
287c7bd8e7f32775c8931abc10e7013d,奧林匹亞赫拉神廟
91218a6bde635063f01ebebd99902dea,「福爾摩沙」
1b496b891441a55a8a2a3983c33c9595,南京長江大橋
972bbfdbab5b69f965e4876df564ba63,社會觀念
d138f7fe54ac70cb275383e0d4d5a501,到少數民族地區參加考試
ebb8635f8a9786f0b4ae5823a20f82d1,崔子忠
b20ea5d771b62f8c418e103523739b64,農業為主
521fe2c187ad31e0e15159221fc11b86,不
58a49dab36bc5589133fa8d7326d4a5e,瓜達盧佩-伊達爾戈條約
67c06184200c0d94546ca2536327c6e5,196年
cd5f4d3cb8a7fcebcd618688f8a5c97f,英國標準編號6008:1980
08f760d109d955162a21932c2490a116,在美國設置時報文化基金會
ba1b1fb9bd89a76f7302b57320cc3f97,鄧小平
345ffbb13230aff3fb3e774e65017191,藉助茂密的樹木為掩護
36969632ec47dda467e8db260f256609,長安
9eaa5003af53a026c5b8d062ff2688a8,華北
c246fccb3b3f5b11c4321c6c4668703c,法國
30f43f2ad3dcf93ba8371529ee6d7312,隋
c42fe73536c6371c371bb7e14f1c904a,17世紀
b50ea1bea852b8f38083e70d8a491cde,2008年3月
5d16fbc913f85477ff18dcd79e2ddac4,凡爾賽條約
d7701c09aa0ef22581075f3d548d8624,俄國
e1c8972a04d5749cd18fe1660cc43325,第34技術委員會
3cfe538f49e5e91815a2180d4bf5c54b,中國中央電視台
6ac374a90735ed4040e322ebae43b1d9,馬拉松比賽
1e8a6d8fa01f17a9be3b8e8b492cca46,塔甘羅格灣
faf0f5f258c2cc5f1671cb63c9342b54,甲烷
520ab8c4d610aeed157bf27ccf5825c2,實行世襲領兵制
c5cf7aefce07e167b5e3370c0e4dc8c4,中國國家標準化管理委員會
f4ec823d5c39b1e51eecfaa1471f291f,俄羅斯
00be08393b8e78f8226e45d0fb376dac,通過全體共識達成，由成員自願執行
6ad2fa80497df702cd40d15132e02258,遜尼派激進基地組織
9f74d35c7466c739292e55a79f2d8a76,2007年10月30日
41a85e7a471076380967875696631fe5,中東地區
513d28e38aaa337459324437af79fc9b,最高軍事領導人
07459cf6f9169bed99d8a47156ad33f9,1949年10月1日
a05a4c4c330ffc8876f15414c0627e5f,120 GB
4a5c787f7849ec8c6efe7c0ca1a361e9,中山
62ff3e476827711513256b502471080e,標籤圖檔格式
5cbd2fdc0eca9dc240fc8ecd438786db,14所
f1280aac8a952da7ca14c729c7001dbd,穆斯林
36b35dddc15dda8f8812f1f279f313f7,美國公共領域
c7cb7d4286baed3b080a25c27610d027,哈雷區
2e3e47f0cd7e3a48bde90d324c79ca21,五權憲法
07ca2c3e2776a07c2d17a986e06e7e6b,青銅器
d79b799b4ff863fd1bd2eb85bc70daf3,九屆全國人大一次會議
85a9f3f0ce7c11e80e02b5b5d73253a0,6
702ec82f667894ed8d376095519caddf,延川縣
90b7ee5346d439902ace2332bfaf64da,洛陽
9c51640b189f65ae18e964d9937a9e11,國際氣象組織
7641e057b254d013575d93061498819b,雙重加分」
2c4cb793bd7273711658c7a84d7c5cec,曹丕
a6507d225ffd6745b38ecb55c7e7d27f,耶路撒冷
3b352acf910f76e11523c10243a64ddf,京滬高速鐵路
808eae5f9ad38273b0daa03394cde61c,479美元
cb8a0de64b797e963e11e97c33cce09d,今草
3e634092937670929f9760e798758ec2,軍法
61b8f799482e282fe5544c04312584ea,德皇威廉二世
bf0c255478c2acaffae48eb1d1903d2f,聯合國
4cd7b95c93466ef76990c6dade3e4e3f,2009年
6c3bee06c22da81597867b6a1f3a4840,沙皇彼得三世
5b41775ab9b3da5ddacb5e6be67358e4,尋求宦官的支持
866febb63283eb7bd62f778bfe1b2610,娛樂
a0dcc97e9c092cebee98ff03e073e059,1.5萬人
d2c58bf47edcee79fffce75f52d17498,知名度比較高
f98f8349ebb761ea862f5482f72c623f,儒家經學已經陷於窮究章句之僵化境地，日益不能適應現實的需要
d00c21b5fb07886183d5544859ced71d,李經楚
56411677610d21c3ca1d6c51f3a2714a,「重整分台發射台土地設施
767fb5192c0cdad82418f54e066be301,1972年
7965dc2c839bb8348289e15d264644d1,林肯近地小行星研究小組計畫
4493dba8b592fa615f08d0639bde12ef,2萬元
b1977499e29c6cee4e834859b044e4cf,2006年
1c4c3bc87eb6220a4aeacda97d42818d,麥克·泰森
36ffb5275128f470192c84f781dd8efd,彭麗媛
161a2dbfecaf0c8972e74492e30d25d9,10月24日
a5a2bb972428eba1b52ad1dd0d52030c,各級黨委
20416f59083ae96614947af70024ddcd,魯肅
352ee970f889c40ebfa65d3e45ca11f4,國家同步輻射實驗室
714e059c2a0adebf3661dd821a8fdd76,十八世紀
1dbe0a0e205fee7062c9eb08b56a4ff3,東南第一山
cf5ae6311659fe621ae00b241c8c537a,2007年
6451b08136e296a35a581c2f756418d3,亞馬遜公司
a5bf25424fba1fdf83b85fe4be5e37dc,《純全的道路》
81457cb9fd4fbf6098d15b585849586b,1934年
c8d4b9d40966d879d3f5156016ecb201,未來12個小時天氣變化
54508933cb7eeaba6d46dcc28983e096,通過國家公務員考試
6f99579cb5d73e69e7bf4928cc0fa604,西沙海戰
b0f3fa7e32fb53507a5213fac5125b3a,1986年
4bebc5ee51f0d8e107ece7e12d365b6f,1898年
fa224766f4942d6c40e0c41c3201170f,半山區
fa6f58fe6755ec816fd49d52ca8ac2e6,自由性
6193b1a91fe147cbf55b32d5ec5139c5,下薩克森邦
fe765576eae6a258795423f100a05236,長官公署所屬各處室所設的27家公司
3d1ebfb05f6588be1587d51392e0c492,巴西國旗色
31c266b80c850a138a7669e4fc4b058a,大陸法系源自葡萄牙
9c889d788e8b9bdc78f3447573781baa,「中華全國總工會
b9a1db81ea766329f69f7b165d19992a,一級行政區
2258da4122be27124bf77cf8c2e48069,1934年
98366d2d69d3e02c9e4e38bdeed1ab22,政府軍
cd2e153522b8ee00f38547693a367946,致公黨第三次代表大會
143b87ee29a016e98f86814af1b045c2,1968年
69cec1a49af750941f43c8988a6c1305,環球唱片
ec2c0a7c24ad65cbf1f581efca31cb54,劉備去世後
9d192637159761451e48a35f88dc0d76,保加利亞
d6caa170877795be542bc406c88fb907,司馬懿
1c2a632ae6d50e01e50976dc4d8ec7e6,2006年
cfe28c26e849df922e2931f1002145e7,25.9%
e16906ec74129634f0fffc3923d33bdd,蔣楷
fae4ca4d5c2d67037a3834b71226ceeb,中華人民共和國
6b7890a696fa2daf0bc026ba366d710f,深圳
2f8cf8e77c1e4a7204a742e6a617d965,784年
c056a173477d144a186825fd81d1cd11,2011年
dedd3926948fad149a1a272638bc7058,第二十六屆
dc38644e0de1275ac66ee4b1e2a0ed70,非均質層
956107d698a7143075a0d654e908d012,1912年2月14日
516a18e3e4ae7764b7401aa55bfec0b0,團結進步委員會
070375bff3e970c22390a505494389b1,1923年
a68fa64eda70b3084300a1ebfd4b9ef1,有興奮劑陽性史
22723c4ed32288e3f7d17acf60be1112,蔣介石憂心一旦三大艦隊「相通」後，對台灣形成夾擊包圍
7e01eb8c7ce8cddfd1c8f35daf51ff0b,七名委員輪流擔任
dad84f95a2d7a705eaffcc62aba603d8,唐代
02a9c0b4c998de4ada88f1247fa1e530,1999年
6ddec482c903fcdf11c176d9e1bfc96c,艋舺龍山寺
544c5fa16d959c1d339965b022c41d2c,薩利赫有可能成為終身總統
23b8a1f4a68f2b54f347c27f22cc112f,淨加熱效果
2e7f25ca3e5dd813ff679895fc222f00,第十一屆全國人民代表大會第一次會議
3fe98ea987fe896467f1f43c51353a94,候車室
b464cabfa8bb33a51a2ebddddbfbb05e,1236年
72e628c8028edd410cca716d4898afb8,以色列
0820125d67cbe114e9fd104094330c7b,北京
0a9a7732402a9ff11fd5ac88b4a377c2,北德廣播公司
b2994907dbfe3e63967fc837e999e761,轄區遼闊
2c5ff1504e8daba4b36f42c3c94f60b5,圖爾戰役
838a0b17528f57956967923a4e9c4df0,中部
ee083f561e535832d18e3f0e98224ec2,空軍
4f8357bb126165070ee4436553651899,是腓特烈的狂熱崇拜者
7561101d64ece7eff60a2f3f5b9591d2,為了與中原的晉國爭霸
64a9236e9c2eeddc74c412b544cdeff3,馬克思列寧主義
f0d25276e28c3f82710343bfee476782,16世紀
b4405f9463b04c80bcaa2f66cac045b5,互不干涉內政
c19ec4cc31fec156fdded6c0ecd932e3,英特爾CPU
26a9eddd77f3a03ee85c3743e894a7cb,蒙古高壓
5c5eb80f85cee20963ccdb7ac75b56ac,修允
99eff919f80cb48c0b74fbf350afd265,白春禮
b4d3530eeaebf0e69cddc778d5582c85,任命產生
8415d22e361bfc911e8467a4c1950a33,愛爾蘭
fa95164d03beae6dd4f661cc22110508,激進伊斯蘭好戰團體
2041594c6a3513be6c0cc4fd56c402fd,圓山大飯店
14b44677bcbe07f6993fc691a2c40508,2014年
45cb832fcd1e82b8dd585408631216c7,2000年
b87145e58295c499bb028770ed9ad99f,中國共產黨第十四次
702b1080f94bf54018407dd8388527f7,旺旺中時媒體集團
c48bca4b7fc8933a4b51bd4220f5283c,2015年
8de7618233dc57a89d4eddcdf64a4611,斐迪南大公
dfaf28d5ada2fc197ac8a074b1db9b27,美墨戰爭
cd98c5b46083a79573ff98b5bae4bd5d,二戰
0ccbe6b413b0c903ccb8afb856aec770,「波蘭口袋」
f78eb850d37ff1a3ddc49396f9dcf3ff,拉維納
252ebe51c50298bf3f9943ae6d732a6e,兩次國共內戰
8f86b10e77d7a7451850be35fb8bac46,普羅語言
8837cb17fe18bcee7f9bb14df4709d72,溫室氣體
318ac659dc7b4a2681228cdd5cb30458,喜悅之情
a5bccbe8d68451aa02fa2027c09e8da1,聯合國
7017f43e4307193c1166d21bc77dc6bc,自耕農轉變為產業工人
f788a15b8bd4d5c3e1dd7b334a9e7ddf,《國際歌》
953efc7169ce38c69e48661285e7f06b,曹丕
9af2598aae0ad142fc5e70958227728e,1954年
3277a03d91da4758599660ffb2d80d08,仰韶文化
aa9a92825936e5e619f01e99eda22271,東部老鴉峽
0a7a78d9a5a7b124712f68f38a5aed30,1996年
e08a8e6730daf03780bfb464e4d8b3a0,美元
89167ddc7fb75f9b28ac877bdae8e56a,1999年10月
376601e3d6bd3e6fd4000417deacd692,素歌「實用歌曲
66f8e890ec9357cb5220b4b864d18421,高畫質電視
5d4a0c66796382991eb339a03ead28fb,奧迪
a4d3f11fc1e590d7e38000e176413ce9,孟德斯鳩
de2dce9a03944c8be289a4e0a4b101c8,憲法
6f6ebf3abc34388811b1837ad1691d3b,負責管理幹部
97ef49cbc3bda890c9d0463a93dbe51a,大都
d0b226827a72b54fa5ef8e2a513341af,豐臣秀吉
37e11b15bb7800ac514f6c90812a41ca,1970年
0633785aacdc60c6895f46da707c3553,信箱技術
1ad9bf3b2d0bf927ca9d515ddb6f2c01,二二八
21010ef51ed3d27ebeeff319533c9d42,江南水鄉
99921c937954fadb79ee4aead7f2ff1c,中國
3459bfc009b0f32b6c0ac46c4b1e15dc,紀錄電視台
88ce155b34bdebd8a4cb2d81f3f77b81,威廉馮洪堡
fdf95a03c3a0dc2d197e01384f89d791,格魯派
332f95e64433679a33fe4d9fef5dcbd2,東晉
575d9443ff5002c73cd376dcb0149d10,19平方公里
bceda5a594e9585b5629703dbf6ad0a1,2008年
5b9bc9f71707d5c5e8962478ade7e356,下薩克森邦
d9df7b0aa581e16a178240193fcd863d,周恩來
19b9570b1821cea7fd33fec21d129f04,讀賣新聞
fa7562f2f6548749462bfbb5ed301fcb,曹魏
8b2b0daf4f23ec81a4b2540bc460b561,發展中國家
5ada5e61af399bc2b2730f4dc95c9002,東正教
da4b37242910e301c4221ec5fdd015e4,建元
ab31403baa79ccc210fca277e338f472,雲主機
4918e760f58637d729ac72ddbcb7ad6b,接近臺北市的地緣因素
abc5626667d2caab09dd222dd3715825,香港兆基創意書院
318ab1cdf5be394164e5a4278007f04e,1995年
9b0de5385dc3894db35a95be0cfba3e9,烏克蘭族
20301e96ff2e23bf6bbeeec6fe676887,1947年
91fa59f4238f36d93ca5048293db241d,劉延東
2b074424840343da2710b2c8b3078f11,2008年
e4609bbbeb0d6e0207360c24236bbd0b,1899年
4950440b52a8ad7f4e56d5d6fad85816,如果恐怖襲擊事件受到任何國家的指使，將視同對美國的軍事襲擊
f4a5a12a9808a56780fa46b608d7f9ac,吳派
ecabf598b2121f9d0066ff60cf334d8b,德國
98cc5d4f5e5ff95ea70e01ee4fa25788,太平經
73ca9ffb3225943ad73e71d1062e5403,宋禮
7e2530c2c81f7637107ed43c8596e593,渭水
2643f0be11d42c0fac7016afde854a7b,17.2度
cbf4f963d9bcdb5c95d5ef3c5047c7c5,兩次世界大戰
28ffa27145c72fbbdb4de38b9c83c95b,香港
fb3d1f5b96d668f44907c362b892377d,鄂霍次克海
332e5f2f5fd8b03af0e7de18fb670dd0,魏晉孚
417f82e2ed63aefd0b3457812c45b7cd,文化大革命
dd5e8e6f245a317b9835e10e7b66ed29,美國
adb667410161ffa194f35ba0f5f76e49,巴西爾二世
15946ddde65910e31d4555b29ad3b79b,波比·霍克
1ad9454b147815250b5c54a309e7a19c,《銀河英雄傳說》
646adfc28a4516d5c1eb43cdcffae6c4,習近平
24dfcfd98f3760505d78a133e975d250,巴黎和會
e92e938f307dbfda6d353e4b5cadc90f,憲法
499ddb111f159754c523173e482ed060,專有軟體
757ca9a2ecc4eb540312482be3f725ff,擅下圍棋，同輩中無人能勝
88bb847fc0d8c52ca5c499103ef3fbba,中國科大
8d50a1230e8d99f765ecc4159aeea829,道教
69f16dd1205f43e46d88905c33c3de70,176個
eb12a711580c7043aa13d9c54ec4bc18,1970年代
9199b8238ee09d6e05eb49314839a162,30個
085c62f0c8df1667989c73226d17749d,東京
ef757112dd1cf92a6b060c2ae95bae3f,阿德里安堡戰役
5a86d7575b1802ae2c369373c1ceee4c,資本主義
502360561225a15419eea321b0aff5b9,中西部
610aafd57a686c6955c32c4e43ede81d,日語
bd27c2667d7a1d150a6938682c747949,熱帶魚類數據
737167eb63334dd186d8caec177273d8,經濟
bdb2edfc5ebc76530aee2fae3bf0485d,2016年
968fdf50ea0dad19d145f9941ae52fe0,1887年
23dbeca9ab7a0b2eb2e893bf22dc50fb,瑪莎
3560df20d938f89d961914687a79eb21,世界摔角聯盟
e7fb8f852d69aacbf2698dbe848f0035,諸葛亮
7fba9e5872a26cd796c9ccc768108195,1930年
6512f10d5f0fd051276bc2b6fc3b0070,八小時
80efaf7b5940538e207b16605eeed09d,過度放牧
dbeefd744a456851a772c1e4cf7e7928,第一次世界大戰
1d1779f3cdd123f0229154163d057fbe,坎尼會戰
ad3b9928c9894482330b59a17de095f1,《中華人民共和國憲法》
1debec4936f773b9795fa8ab524c6510,2007年
adf053441514f62bda22dcf11ddcee0d,仁川港
6375075a3144ed2089e847f415ea5b57,上新世
e5733a1727de681ebf26c6cd1777df99,地理事件
09dd54bdb0a6f6971786967f15f0d92d,小泰國
812028b1c832259b64eaad14d6f877cb,四百倍
2f3b65a8ea1ea0f437ce5710e66af65e,自由貿易理論
0345575cd4491d0d28a55c5731868bef,1962年
c9f066bcb9bee96e2361652d5418e9e9,標準解析度電視
0afd046f2293f688b439d7b82c65d369,黃巾之亂
c795f9588755c6cb479c51a55d247621,居民生活在有污水處理廠的地方
bdd9d83094c9e235d06b8edbd6ad050c,中共中央黨校
b7ef9146158c9eda1d3cc6d05f69d38a,飄色巡遊
c86add29727fba5c48a17d82a86fc160,戰後諸侯國自立，其內部分裂變成不可逆轉
0086d9f555cc696f5c57b64cdfd000b6,不大
a1b38f847eea129d3994ba6e325be05c,專賣局
ea2bc8b15ca3a1702fe296e8721ed2e6,經濟制度
4f6386175a929643aaf89d4b83afd1f6,2010年
2b143c82f4da0610b3a10cb3bb77f9f6,一個國家對其管轄區域所擁有的至高無上的、排他性的政治權力
f25d82bf05e7967f4b1e25055637aaf0,虐疾
f364c13462ae662e1166472503df2283,俄國
86d5f44d277293646e2c489436d7a0f9,保持與政府的相對獨立
d559103ccb00e5d8023c42138b6b1fb9,1952年
ad5aa8e08de48d830c836ee1e16d2e72,香港
049d0325275ddd78e80d848379b2f084,文化大革命
7578dd076735ef0d7569dac882047990,台灣日治時期
dddec5e0a9ca0b53681bcc73ff7ed4f9,孫權
8fa84c0da6b7f1468a463578fe0532a1,漢廷因黃巾之亂而授權地方平亂
7ccc87b0bf8d9a6156491e812fb15f3a,塞拉耶佛事件
0de302c3bafbb127d8f05fbe39c9bce5,人口最多
e39bc7b384797d19d50d7ad2d5594e4d,1903年
c02a89e641fd280abca86cab1490924a,2000年
d9901d283f4712a8452c0b26a3ee3c5a,1949年
14946d3c8b8d31686370cae9bac997a0,「最佳樂團獎」
778565df6dd808f43fa146bb2c962171,十七屆
6277376f3505cf035eda5b89f429b8d9,荊州
72e352810328f000fe4c01f063778520,第48個
e392860be2bbdef30aeb7eccd7875b1c,神聖羅馬帝國
4754037febd8c7944eb4631de32d4a28,中國菜
6386cdaaece3f219330e16fe925b11a3,1901年前後
0e12523163da95a48d6e946074d5a75f,2012年
5908a7bca8affcf92c1f8b033d755732,南京富貴山
879f88baa4aeb560ea818adf806a0212,乾燥大陸氣候
655e08fe431810792721345d4195dc51,中國科大
73c23f7ce7450af373b7af6559775ba8,人文主義
15b783d40c78e243fa73ea7a8dbf752c,少年班
46d512ce4709868412cc648b76399acb,川水河谷盆地
8e943428548903c45d1f7a46b55d5ff3,《時代》雜誌
f4c8bcff7794cd0aaa2637d3abc7147e,勞乃宣
80f60b85586b1412d498a1d7464860ff,新教
1438c206526cdc94196c330bf5b4e78d,阿拉伯人
1ee71751813438f2e1a3b1859082368f,西南四省
80a2db62d58261c5d8fae92634dec3ce,名教出於自然
4693f998f706e4c31093a83805f24b58,中國是戰勝國
fd202785a77ee5ba8df15dc6cd38fff7,政務院財政經濟委員會
92f279734a41059c82e47791f2a6f348,美國伊利諾伊大學超級電腦應用程式國家中心
1317ce01949812a00cfe1d47d05bc959,五十周年校慶顧問委員會
01cb98c3b88b5597bb149ba6956172cb,司馬相如
2564de978150f93bfb9d7e325c6cbf8f,1949年
0ca85a84f55767db91456c5deba70db0,副書記
07ffc0470d95db8a3f009ea4584778f9,1763年
51943c6b0556826df8101010451536a7,1992年
d070d4b6da040d2ebe48b531b257f36a,1970年代的末期
8cfa63f66593156cb75a4677864a6f90,10拍位元組
3725986e0f1ccd82f19ae715166584d2,議政參政
cb60ae8397871a2b8690f3b16e7b3def,「警察」
8d2b0d43f78bb107ba0426ad78092fa5,第二部分
52293894a038182e6ff9b5c90bc21f8e,阿布·伯克爾
6ba74907ba9efabe9587f2237d364116,城市
261687bdb03ec8006e1499d255e843c9,央廣
291584d2fe5f1154a2783227839f80dc,1990年
a2ee81d55621bfa86d21729943438a9e,設計
38a93c9f00a9aaf27b183e37c8b53887,相同方式分享3.0版協定
6e8a5a3af46ec595096c620041df0ad5,個人財產
98bf7f1133a79bc191816ddc88518c52,傳送的電視訊號能達到的解析度高於傳統電視訊號所允許的範圍
1a19e07926d190cada49d7d14c3d9b73,18個
403cc5f3284ed862fd8ad40457f19574,2017年
dae61b90b1d37b371b013504a305b24d,蘇聯
14b8a6729d187803668542563fce1629,國術
ed572b0a45e270347b89f8419b20d76a,美國
eb2700f886ad027213ed15dc23b6a8b1,2006年
d62cd8a030fb4d5ac86e338361bd9f44,新石器時代遺跡
26154a720a624a6cafa11cec10ff4764,官富鹽場
817e2b56b4e693309cf2f79ae34573b9,以準備計劃中對英國本土的入侵行動
d146a957882a81a99ab2288dcf72e735,北伐失利而罪責眾人，大失人心
6f6ffe96a69e92e3dd67ab7f1629b59b,五言詩
5ad13030635db71dbbaf2b5785b2e1f1,1973年
fda9e17a50399aaa4b4bca150dcb3aac,總部經濟區
56ff9dfa1c9d0a3bf4b6c36940dfcf86,英國
062eba05b8ba55522042d511c5b0a5b1,五年制本科學制
9798038503d371250561d8ad750128e4,《克洛斯特－采文協定》
01b3c1ca4a70aa7396effd6168708607,秦漢
40db2809cbafc5d75a999363a78569c0,20世紀初期
0d3265e67b8199b374a6e155ff47ccc6,1962年
3a67a74e14d5c939ed21fff2c4d1b72c,老人河
e6afdcb0a43da9c3fc49455cfa206e7d,通過兩個檔案資料中心協調
af097cc454fa3b21ae11698173009fa8,倭馬亞王朝
d4ed10ae165c464a99effcedd54a504f,2008年北京奧運賽事
5cc271d96004f17051a4dd5da54f1565,漢少帝
41e69c40d666c46cbe8604a60eca1a4b,1756年
637474588f0b082087d5713c1b0b73c9,將使館遷至亞丁
f6349b15e9f928ae0f579c93253dba92,海軍機關辦公樓
a8d650f07a805adf41a588094539b758,西高東低
12490c85af51824e52773b82576d16da,《後青春期的詩》
ccc9148349c1d24f735e0e8040c3b03c,國家通訊傳播委員會
bb40ba8d52f225d4bc19a359977ac746,京都大學吉田校區
459338c0f133c6f2a9ea82ace25a191c,東漢
38842f4d8059c291d2e74b5d10e38a3c,1966年
f5b0f17dd1fd3365037093b910888233,瓦德西
703e4d4aa523ad94e2fcd354de4ea6cf,第120師
0d2b44389f4e675eaac75682391a87ab,人民海軍向前進
a0143d7476f0c6ba2cc1b9c945a54b15,長官公署
c26efd6223e83cca0cd4259dff563f26,英鎊遭到擠兌而無法兌換黃金
3b96d5391ac0d72fd5f699f237e741ca,喬治亞州
913282d9f80f37aab3b24a9a326060d6,下薩克森邦
04e6d4bb2e56245b916133baf574cf55,西德公民被允許通過東德交通往來西柏林
46771dfcfc591d288f20fb748a6ead8d,粵劇鬼才
d7156e77790deb91567290e893abdafa,1999年
7aed5057d526f58030a6587912c586fb,劉琦
687d5d5523671caee37e6d7c05358d5c,它是大多數車間的溫度
3b6a3a5d28a792ca73bfdadf302b6e66,哈迪
385902b47d567f82b0cecf15aff762a3,第三派
7e7694b3fc705eec29a437e0a2e09480,儒學興盛
ef0d3541641144ad3aed3d1d753fafeb,湟水縣
c3982ec232c0565daabcb92499696220,1940年
9b5e0c5c77551752d238375b220eb6f3,《義勇軍進行曲》
b80b24cfca6568c54ace7568a516f01f,制止軍隊和警察濫捕濫殺無辜
632d4120e033fdf40c5e12f92dc1be9d,鄧小平
070d9d45a4937fa87ab966d841c064b7,藍尼·威肯斯
eac82e755febfa0e76585e7c93686c0a,首爾
0523a22746a9dc634bbeff45ffb593b1,艾塔斯卡湖
5b2d10c5f34cdcd3c681960263787a8e,遵義會議
1431ab4b2bbbb750e2c99038b3305181,2012年
919659f6afd39af8fd0768765121f7f9,四月
4b89d9ee2094ab7daeb923778eff867f,1992年
aadf4f3709b74b9468c91a252b590647,6個
48bbc8b59f8900d9bbdd4f69505f3d8f,劉璋
80120cf44a91ae27a44f6b34e9d1064c,紐約時報
211b6b30ad78b7f338ea89db308ac8d9,國標號
aa16d1e55f75680128f5440f1b7b6fd2,天王星
37cbd0632d9f9d1be84631662684e592,丹佛
aa509647614b070a673a71a5b8ba7b0e,全國人民代表大會
4e65b480fe1b2efc822ffa2673993a10,邊境問題
489b307ac66bc5a695293bd8b0f3b874,1998年
5f85fbdf04c1c384225faeaa6c83b79f,1915年
0084b93f77a45e8d4b27cb7a9b6ec13c,類固醇
6989cd2a84357aa4574c609283df9ddc,經濟文化中心
bf5a357bde2552857d490c86b7b69143,610辦公室
bd517981b75906127362a1ab83fab4ed,15年義務教育
b770db8771009b383947db45d63d3f59,東正教會
08ee9a55a07ef9669a02298f3bad961b,《義勇軍進行曲》
82e167da9d9f2a03ece037bc1c3adf9d,農村市場化研究
881c3fac6268614c8f32699cd98bcb8d,石岐區
1ae4809093732330ebe7b460797675a4,在近東牽制俄國
66284b6005e6900d3ead2d4f81e673ea,教區主教
a5efa8e187667d1972ddc9f8fe7e8341,矮行星——穀神星
8b4abb80027077f285ce672d61c9509a,吳王
05513edc8eb28d37e7b85f2828951a3c,中國國際廣播電台
e82e4c439d24c639ea5627607869b06b,香火費
2050f97056d036310c8408278ab7b163,14.26%
f929cd3252a4a0db820d0219d22d853e,1960年
58602094eb633d6a2877b7297750afc5,世襲
078fce2bd48748e67914f33e1c525062,在遼東割據的公孫康率軍攻破高句麗王都
2016658513c4bf9d662df3e1cd42b5e3,承認拜占庭邊境外的保加利亞第一帝國存在的合法性
7bad8137b0a3b91b0b648fa7d5ba405c,以環境數據會被階級敵人用來抹黑
2ffc67897eebc186dfe7282d81b4363c,《中華人民共和國兵役法》
685db0d77ac33df0ad0303505201a9c8,中國海軍
7276566fcf1edc78b721e9646a357f35,東弗里斯蘭地區
64a502910dc12a8bef439a2a23b03e01,饑荒
65e29f9888500773568e3299e063a738,古石橋
286c68ff793c77304d23ddf97c3194a8,丘陵
d8cce7038214a8936e2e67e8e124d258,教育
8cdc5118fced85db7068cf885f969e32,助理主教
6999ee6c38a3f52e73784a61cd31c3e3,2016年
3d948c4d1f4109a6a7918aef7cf69540,分隴右置秦州
8fa21298f1eb3e3d14e046aad9f1c0a5,明朝
5851da2e9cf2b9f1c5824ebef230c1d0,三人因為促進聯盟的權力起了爭執
6e11c0d8710b3c769b2a6ffc65b199de,應仁之亂
1b94ea77273f41fc3b661c641dffb8a7,德國
805b9a2cc64fc682da31cc1a89adcc41,蔡衍明
532490eed814ee3b5c8c4e79febad256,昂奈克
832b09cf5f7e96be9bc52bf2f3305bff,洛陽
1a8c16f4a0c1e0e9ba737ca8d7c9dc84,美國發行稽查局
5c0f097d8e96bb3a0856c8d7cbce29bb,下萊茵省
eafaad3fbb222e5eb176e74b74fe55b9,董卓
39c774f39b420d76f3300ccbae1ac2d8,多明我會
a57ba3e406cb473a2e729672b1013bfe,徐州
712a4753c4ebc7547f143f613dcec1c0,各保分界，無求細利
71dd6acf757012959950c28a2b834280,捷爾維爾可汗
453bfafbf9079979599e163a39b39ac9,糧食勸徵隊
e3c4e5ebbfb43d69beed0ffa42e704d2,十九世紀
6d4eced711a6e08043c02dee62737c79,徵信新聞報
09babf671f48a11e99f4878f12cd68d7,過度商業化
0a3b0d6b6211299ec6b2f8e778c73e5a,1931年
262dbd4a9d60df5df93ce55790240007,神聖羅馬帝國
4b21177adff5bb4921939f250977e7a0,司法權
0a4198e8337b04e10c3a52c5aed71abb,1990年
76c97bb8307e757ea63a1c34841af1e0,行政院長
de0f0f6f9a841afb6be95a8c4f460d75,AV女優
2423f6a9860b9a95c5445658030b40e5,博安兄弟
18b9c50a5900694c2d774944e024af4b,司馬昭
ad49aefbdf7e65fc71a6a55d5cc94365,1949
233dee05065c11a3818cf46bdbb8380b,澳洲
885ba9a6049c5665e3c5b7e5caea53cb,最高法院
7eee1052dcc80693f09acccfc13b98a5,積雨雲
7edaacd75ab38bca52c7dfb09110bc58,2015年
6f3a0e6a70d3fbb73e66cd5f0db6369f,毛澤東
3fa139b7d9f07f9c3db24abf7ee3c53d,北洋政府
03098af6e29c583dc558fcd0a00a0900,孟達
73f918aa09adbf5409d8bc0d01d2dc42,北
cc83e73e458818209e663a5f85917b6d,主權移交後不久亞洲金融風暴隨即爆發。
98ec37f2755a9c71cfc169c10d352e9c,聖駕巡遊
374a5a7b0f7da7fdfd770f7c2c2492f7,雙魚市
cb7a114712b61cb9b04c2aab0e536247,上海申花足球俱樂部
d71cbc8da105bff2ac32f10e191d1021,費赫貝林之戰
ef7f255a2818e9461b12461a61ede0c7,文化大革命
339cc88a2c3331a1a975b6df560a8db1,便捷水道
722aa6556617df6980454e3617823696,九個
b6b3a919928bd5fc27ac7e402da1e941,北京大學
0681e701eae5cd87e60adee832eb2bd6,蘇伊士運河
ac260e77bfb2f99eeb53c176afae4107,海岸附近的低濕地區域
d920ffcd317e125e897d550485ea29e0,全景式
c36654a4833073d41ec6e9ea33ab85f2,《後漢書·邊讓傳》
1e9e619fb2429e9d09215e510e6fd596,多
2d66b1d6702fbe60d2d29e7f6c312193,《行政訴訟法》
77178a21d040a69fbd6061d75079eeb4,為維護社會穩定
5dd868c3a6a2b6ab957c3ae87bb80d06,2014年
c788dbc780e38feead9e35aaa7d4b6d8,1905年
54d88dcd2c8ed07bdfb075361c19e4df,2015年
d349b1a1cfa64a77ca830ebd92092c4b,考試院
d6d9d94e3a1b3350dccbb4a2faba6408,十分之一
ae8eab0f87a74d87272a9ae933a78197,不留兵、不運糧作管理
5d07b7569da41d44bf1e40caf3efc7ae,水汽
46d62526696eda18fc24f58a95428324,7名
d07562c0fb22990daa83e775f16fd149,蜀錦
4232268f8df35012edc54ff1ef0b80ed,虹橋經濟技術開發區
ad896a3d3c09b8630d70b59fad970717,台灣
e6188b5ac11c38fdd03ce75ca9b020b9,1995年
802fad2d2695b7cf26ae24910e86924b,上哈爾茨王室水利工程
4920165678677e769e5769284630f48a,中華人民共和國公務員
289557948e2021e2e11fb5ddb0a1ff46,中國國際廣播電台
dca952f981bc34f1c8c5f56a57f43e02,東儀天主教
8d55ff04ba14a62445a26cb9ba5adb14,聯合國教科文組織
f18182712b326d687dae21a77a1cfee6,德國
4b32658aa8d8a7487be061d3348adf04,2007年
9392a7c218decfa7fcd0642631d0711e,成立亞洲基礎設施投資銀行
e5f1b530a20a5f7fe3f584aa8dced483,國有企業
97ce0ebd03dfda64ec1ab39a85f34427,2006年
6af40b7e18e5e0366a6a85854450c24e,美國中部的特殊選民
f047bce38df85616cb522e42fcade006,其書多為時諱
c5681e9031361a6e74f14513bc1f08d7,中世紀
365e282f12f7623b069b44c00f6c44b3,縣
ec48fe8e4aebff5484126cc78dd069cb,壩河水源
3ffe5bad710086009029afad320f7366,三個月
caaccfffd551cc782c8ec650eadca9ef,交通銀行
b8bec62e246ef4a2f0748d2b4c4c13a4,粵東梅縣
374bbb6d99b575a0359535b53bdf1e77,義和團
f5a083014238f43cf8704e6ecbbc66cd,昂船洲海軍基地
2d53701c2cee31589a470d62b7a33f54,俄國則藉由塞爾維亞插手巴爾幹半島事務
79c0a88f7fff43fbacd6264efae1fba0,第三
9cb3a30834de337422895f1adea16b04,運輸
d58562ae505e34a89aadbe8e5bae0fd7,銅牌
39f209996be361b9e5240b3346fb4479,2008年
ecaa23993a22818f34fa9788f44bdbad,懷仁堂
955b9164cbaee2b002c95ea511ca64ac,為配合高畫質廣播平台發展
81f205e2c3956ba29103df198dca88ca,1931年
74059b0d0e384537680ea37fd80a019e,1240年
5c44516d5ca4008c7464b2a409b52f51,午後
71cf7b61a6d36a2ee01d14388894cc5d,南昌起義
92948227d2e1aa87f3ba6764e06e9796,地方制度法
e6f52c9ee7cc0a839fb5bfbb5e10350f,道光皇帝
1e206bf978bb17046ef7c444bb1bc5ec,納林根會戰
6b01e722c3dc561eb399ffca687ab359,地質礦產部
1d50384bd1f7a65d0e8f0a9840fc4386,英格蘭足球超級聯賽
fbb3b01c40b20ff4d758f0f30c271465,標籤
4f8b9d98de93d813d6c1acd1644af569,微軟
c5c3ab45f30eb33b65d66cd76f44aa97,高畫質格式
7847d757fbfb76c24bb848647fe4d197,法國對地中海上米諾卡島的進攻
59a26321e17d1be5cd57668977566ed0,理性
4f0739788ed5b50d2154c07b66a4cf39,斯拉夫原住民
8efb296cb31d3b3868c68f3c5114a3f1,五帝時代
5a9f7b401253ea752475886499a052e2,丹尼·曼寧
5f9273a3e17c5f7e4b302752c4d63fb6,2005年
6e60691d1629ad9f7e1411c7e4144a79,有限的
82b89c5b006f668c6ebcb9002061f8f2,三樓
a269b9eca2fac140858a45093016acda,臺澎金馬
221c5b956c985b2dfae09991abb7b7c1,奧迪
89ecdb2e85c885b6bec7dfca2121154b,羅馬－安息戰爭
cd386d0ea0174f8c0bb4a781b328d30f,東部
cc73148124fad0eea8f63c943d1d62c0,金代遼
f6adee4aefba8af0f1cc7c06e1900a61,1986年
d034686c3b5f1f30a32e282f1325aedb,317年
294b63943be14785b2422f19576ab6c0,威肯斯
4367934ebfb1058cbf08af08bc7c741f,物價指數
b91a49bd41ed2f2a2e58bbd9cb8ed9ef,200
12ff35a985d1f29f4ade27d837a7c95d,俄羅斯總統普丁
3ed35ed2858cbcb11124f1b866dd7e26,中軍為「都督中外諸軍事」，掌握軍隊中樞
c42607c5d361bb01a8ef9bae89cc4a21,1938年
f3cd9e28c85858f0148107bd32423fe9,陳良賢
1c71f8c5aefb96e7210646b11344fb61,葡萄牙
222b6a9037782fb8577aedec98cb9354,中歐
f2c9948a1999b6360aa85c4e9eb3757c,全面展示了駐軍形象，增強了香港各界對駐軍的理解和信任
89e565fe73929278746dda82db6a6e28,炎熱乾燥
d7adb56b778ebf6e6110a739d1f682d5,1846年
5fe2367b865758dd9a35e70e7fbd4a6f,霍克·霍肯
25aad1b965f93ae05a28bb01e54918de,鎌倉時代
344b16f9cc4860fa0efb95030b73aa8e,建康
7bc28faac509ee54f1f0b7ee847a6854,農村醫保政策
88814e054df5749aab55bd9412faf1dd,自由軟體
911339c8d88a850ef6c44b71fba5e365,民主集中制
914adb022136c88dc62f7c80b279909e,任何分離的實體網路之集合
72de554b86b6855e25e854c04ad6835b,《泰晤士報》
b11beb0ebafa9840fc4672d8d5f4d5c9,支持保加利亞獨立
ce590d24debe795a6530cee5ef95c39e,為教區主教的正式駐地
e8bc59d851b9ceb60ef6f53341f5c90d,納伊姆·蘇萊曼諾爾古
22d5db045098f33ea07daeadc69c93fd,「教隨國立」
1b886f67e455866f9f57063b3dae3581,居住
819e5e8d3866a89b5ba14dc67eb32622,宋徽宗
4b55539b21bd7222d1505c73e9508b0e,鴉片戰爭
79e237c2b8c168f9ac93dbd229df797d,氣象學
c09fe9e5ddb4b7d90887ae0f8f6d9c02,卡爾巴拉城
099c59efdb21b67689119813a45a9761,司法豁免權
c09d848d5cedae4c54390230a1cec66f,上海市足球代表隊
e1d8993542af4db412eff147c64678ae,中共中央組織部
b0e02c56098028c74c06962a06c4ae87,1949年
c24e3d9982446a241ead1fb067aba2b0,彈劾
a2291f484a5d442c45a1c0a0f3eb2bea,紅光
4ae31e9ff40ee7bc1e457663df5b9fe3,水蒸氣
3a80ace068d19f978d798a516ce17a22,彩色輪轉印報機
b45e33cee8d3cea386ef273a0755a398,1996年
53e6eddacffdc8fa453fefde1c885d2c,南方
9038c5b37a6609d59025b0ae6fa7edcf,1.5萬名
de4fc6c4cb25db3386750f84701b17ed,曹操
0902fb5d72378a0dc9652050f34df0c4,日本
2c1228c00c01cde7ec5e1e9204486173,1950年
de6eac3a56344e60e97756890212c7f2,1761年
cec34f4c7a40f5c568d4dd175efff188,拉丁化
446097998e6d12ebfcb5447d99133bfb,法國
074d36b928607beef3e405f0a87d7207,長波輻射
00c62d5e7d44f9a682a58e5413f4e1a2,哈迪
52f946ed2aab8772fc145facad432b22,三國食貨志
25bb1fff1c18e404a8899173821e4d76,抗日戰爭
14e26fc7426c683ea809b28b5123c40d,法國
cc9194b44cd97efcfa8357f2b9a05359,非營利
115ffd63fff9e55830fe4b89a2ff4351,京杭大運河
9fdc618d11d7f0917bca3e7f94e89ba9,吳
7104c9cc6a8df40e4f7e00e78e8636d9,標籤圖檔格式
5a7ad956ee7497001eb59136e57e5706,統一後
6d5c61be9f2830243ac4cc53ff471a55,1982年
2f3c8074d4bfc980689c02bc055f9df7,侏羅紀
3f44f07b0dc227db21023dfd95a247ab,漢傳佛教
e6918cf3af30f4b08662a1c74a4f90e4,統制經濟
7e76b91bcb303beee80361fad25ac967,中新世
3dbe6aee797ae36a6282e712288b7316,《人民日報》
a12ed90746890ba5680a8843951fa840,19298
55ac9f58a6739cf72efb4dac6926e8a3,電影電視新聞
f5711084af0f9205f241cab5a468cbcb,1987年
c718162de86dcc107f100b79980b65e9,「A.N.D同黨萬歲」
98abbd0dc82fe5cd14c499cb54d41ab2,四年
bc5b00299f143af666841ec73e7ab094,2007年
44b0ce7fcf5aad47fa0d5ceca32ec440,談婚論嫁拜高堂時
c65d8785c467b9dca8d48d9ea9a9697e,13家
ee8a68fac4a0e095602375dea324f67c,譚善愛
2d27acff2e735b3a614a041f0b98c559,麥克阿瑟
18e91f35c7bfcd976d21993983cccf91,第二十六屆夏季奧林匹克運動會
adc7376c06493ef965fdbf73de6e3892,聯合國教育科學文化組織
7dbc35fa35dea00e4951e37c316502df,光緒三十四年
088a7d92e1d97f275a74265a44203f32,300種
09cac7121be2abc6f8ae4be76c8dd7ff,國際通用
08b48706b0df66d51d74d64f8e59f1c7,1957年
658121f2f309684b8978bf852d0ec755,新政治協商會議籌備會第六小組
f32565b427de0ea7da7eff006a8584dd,習近平
cbe3a8fe14a4fa2568cdf39fbc792fe0,領銜主教
36d730498d97b85f834c83c01a71c9c4,每5年舉行一次
3cdeb13776915d11f98bb772ae24b334,2006年
7a952189c43ca3339ca9bebe8779489b,1951年
e5f4ed77f11c7cb803ae85e2905fe35f,2002年
18115c0bcdf17c6adcb472f7eaca94c3,中華民國教育部
be2090b8b8f4962fbb8bc8de3a59d0ce,四億元
9eb9e74e85e9b2aad05b77fd5c894074,2013年
46892f005485186ceb9e3e97fa29faea,1960年
cb292516f6dd16155ef081e954791c46,阿里•阿卜杜拉•薩利赫
c7b4c566c5921476192d11c034313ac1,鐵路
593d5a9727ea5a73b750644894f4e426,超文字預處理器
304d729b87f9c23707ea959811f6ebca,《重差》
6ee2e5bf6006daaa2d80eb071bf9dc3a,多姆斯塔之戰
12a64c4af47af20c3b309ef5624f12f6,海軍反潛航空大隊
444ef28323240a06500326d16f6953f4,國家元首
d6074f06c40c3a4cdbc985ea9300d538,膠東軍區海軍支隊
67914a100a5761ef83896c51d466aaa5,二值圖像格式
bfa54192f976438cbbed67e6371ae1fc,保護暴露的側翼
c87e2413ebcc85173ff2731eda9d9102,哥廷根國立大學圖書館
c689187b71fc4fb592fe7be89432627a,青島市
b5753a1e4cef4d5a0a4dcd37d82db939,孫權
522609dbd824f5ebbc83483f3c1a355b,西邊
84cd6bb437d9264ba5195b7a4628c689,決定悄悄地重新加入國家摔角聯盟
e327e73601e6fa9904da8d7a4435260c,毛澤東
c5253531b42788ee03db60d2eb532ab0,教會
f2990dd74f3daa47089141470ff8bdea,1963年
d12f229c27dba8d2bad141812b6c508a,署理主教
2af9f7c23022f6f7ddb2f0a83e5a262e,英國
502974d78e8cfde9db9940280feceec4,中央人民廣播電台
4a36f62408cc4e827e14211b329c9e9d,金星
bfc74d11453d2010d8626a826564c4d7,東晉統治地區大部分在江東
b0ae5aa4bb16e54808048c00602f4119,英國
e1f6289adf954565ead51f71747a6bcf,諸葛亮發明八陣圖
f803e7b08b20545800f52feef1ececde,將周邊的村莊合併
c4441243f05df234221216fd697fcf3c,公立研究型大學
8b970182508eb0e82c86a70e46950318,OVA之作品在DVD/BD媒體販賣前，經常已在核心局深夜節目播放過
79a865dd82a21b32f726e1186261e81c,一千萬人民幣
d192f241d61ca41baef7968ffaf8435c,波美拉尼亞
64c6fc2fb70f5428da6d3ba1564e7486,習近平
1f0147d230d806a69b5de52d53a85247,極地平流層雲
8b555778e76fb740ca047d0c840bcd0d,查理大帝
deb2a74392b58130efb40b39643db157,開發中國家
901140345f9d884ab7a5173d6e9391c1,諸葛亮
1a850b538e7e8227fd538d5d2814ec45,1756年
28761c5f624dee8139cd68b62ba93d9e,仁川
9210c277655becae34e5021c89cedb0f,烏克蘭文化
7f92296764e7306bcda5ebdd292c1011,海中
7e1eff716e94be058c221090ee49bb0f,三玄
64dff9f2dbe2adbaf8b6e6ef6c0fa024,北溝頭
3de77390015809b30cb8a0f93dd4fbe3,94.7%
c6e1c42b6e859cd30467d00053d4f70a,1994年
d4b2e4ff87b9cee7339ee88e63139e59,博格丹·赫梅利尼茨基酋長
80d9438d144b8e3c4655d0f09a234b1a,教區署理
5c07e1901c1f7e73f1b8436891d17e73,美國
de29badf21c1d02c09d45f9b33a7d4da,馬鈞
06291e4a8d38ca3f9e6b36bc232d17be,布羅賽爾
0822a933581b7214831a97a07397ae25,紅五軍團
d43fd4fe19787d4f6e98658d22067f68,超文件標示語言
b4df786c09fce313bff52e84e4a97460,桐柏
4c5c9ab3575ce7eda85fe7fea16b630e,第五次
c58aae01d5a761d5cc9d7315ef236280,袁世凱
56b189aeb1c5557d117f75dfa2363b73,2004年
687f263667586667ddb87fb18da68cb9,三台
8adde6283d27d8802e65153975146b88,南朗鎮
17df9c41f5f84f2a8bbe6284729a66a7,11月16日
602668c71955071cc847c992e2b64e3f,1986年
195548397dea66395eb92a431a01edf9,2020年
94fa5f2aba198ebd4f1767f2b865b96a,19世紀
908e57ec3fbd8c429f2ff2ce37aa2d22,中央氣象局
b7b82853969f55a0d424651a1b1c30d6,實踐
03a9575fdb75f9edcc938af1ce1e7348,英國海軍船塢
53ae0f80a9f122a498d9042c85caa03a,1977年
7ec3b971b1ba5b987e269491553dcd79,俞正聲
9fe022f1fccf720652a38c659834550a,三個
f87514641f1ab078f0cd69efffdc9da7,2007年
657797a68f126fe1bb8260c1b81a6c10,嚴濟慈
1bb37b9abcedbe8cae8a6b693ce91b13,1955年
3dd53848026e1d9637fc7e7f47f14453,控制鍵
9fbabf4627cad774095bf6b897cd6ed0,1917年
954a6b2a07b23a7db18ff0b75af939dd,中山
e236fa23d7e004b7d47e61ca062f3e52,撮合方式
d74ef60690f7591bb6eac022e89f60c8,AT&T公司
7588a22adb19f470db584700f4e7e00d,4060公里
03d7e73f76bd8bcea848615fa687213f,晉
98e52a7ea946c1b878f176392dd59a86,170多萬人
d507a58949ec3032c123962fb6017089,五代
4e6f309032a0c9f7c0a717fa6449601b,美麗島事件軍法大審
f6f442dce33e41846899bf14331b7a37,北京
a3c309def5be4e79e9eaa3775906b441,《英普協定》
ffdf4e49fa5d1e127e6deddb84174872,中華人民共和國憲法
0403ac57de1d1df45926a1186b27500a,仇國論
ea31c3290bf04a291b82dc76721c5c4a,採用了8位元壓縮，最多只能處理256種顏色
ddcab15b6943a97a5d120f99d7ddd2a1,中華民國大陸時期
fc0815a7515d1f7126a1d9e855b1bd74,民主制度
4c36447ae9ec0895a67fa49d89721d9c,黃河中下游
e4c43a9616b614cbcdd1b11614f7cc9b,江南河
862de46322bcf3b945c06b7b07d430d5,噴射戰鬥機
e1b30eb1fec806c9dcfd089bfd8041b2,1939年
bbd24edbf0e8004adc623545d7b3d1e7,英國
6e1c686f8243836dd1387863c7be48c4,1945年
42549ab04e71eca18a68113f865b0fb8,1996年
09b3d58ed6bd10f94a23a6934f43c791,1980年代
1985d9bb36d381bb47dcb2d93f727b9a,諸葛亮
845bf1c051dbd7784a43b4d25a5fa590,「黨指揮槍」
0e4dd1f2aa6febc79a7685ccae20db61,1997年10月
ebc4b9aeb2edd05a4966f9de72a8a0c2,中華人民共和國
86cb014ceaab8e8dec9b65c33f5ee278,杜比全景聲
6f4f5fa663dc922b16eabc1e067dd097,苻堅
4f4638386ca3a5a212719926023aea6b,元四家
86d55ea31c3072619a318f8c04fd1c02,海外廣電部門
3f0ef343a127180224ac8f007e3b9c79,《中央行政機關組織基準法》
1d5a273c4da2f589f4d0f06199d18674,雲物理學
6a1ef58c7efed66c8df7fcad07f63faa,1978年
14090142ffb0a9403f921d60ea63babf,陳希
26770313e1c33548f2f6d6cf34d97783,2013年
64df1a2763c4aed3e83778e86b30f2c1,3月23日
c8498fe79ed83573eb99f50393c168a3,腓特烈
b05bbe12ad79f6df45b6c87ca6e242c6,中國菜
9f72a6d8e864904014d6beeff21c843d,三國志
4274049c334e6730c80dea56f9a427f1,1950年
fb1502ed783855e2fc309d603eaa2d6b,"1,000GB"
7eaba58820181b2fce1dba9cff91ff48,206個
236e271d4f60b7019377f2f940b93c03,黃河
988560fe1dcad6244fb239fd768c778d,十七座
199030cac68df65e32b5409b838dcfbe,一費制
98eb701280dad39f6f2e67986e8ea096,陳炯明
886effa001965cedc319ce394fa765a0,中華人民共和國的實際統治領土
42d6fbaea885bbe4cefcd9745c4bbe26,明初
fc9ec7849542608c1a6cbfd61fb031fa,15輛
d22c6940ce38cfb07513e8be0b5557e8,擔心法國報復
876db258b443f56612db7d1c078f04a0,烏克蘭族
771f46f94caeb0005b259f6920e5871e,漢城奧運會
18ee1b5d3b928a1595c438360eee45dc,1915年
8a33f573f79cd3351bb896bc6ac61d20,1917年
676b2bc8488df8375af5a6263934906d,黨的劍與盾
d096665e0d9d4264e4329ffd67f31431,1989年
c5a3f4b765fa8e13234cf963710373d7,超文字預處理器
871ba99295c6652d1704b62c6e49637c,主教
fefdb28b41fd0f900584d6502ecd9e7e,2017年
91a2bfe78833ddd065c4340efdee123f,世界摔角聯盟
657a5f20c26ec06912f3f334d90a8a32,《中華人民共和國著作權法》
ecc5a76d6193cfa5a62985976df0becc,中國人民解放軍陸軍
ca88491a323725af1126420a691e56a0,「靈消炙
8188a7d7c0a8ca2845af5e43ce66e04b,多數國家以信仰伊斯蘭教為主
ac7e27fb7616c946c1cb7d3fe12649b1,詠懷詩
eed279c7571299b5631b91f32ca3f8c2,2010年
9f68fecfd7eca00cf19bbb76315c219c,1989年
ae79ae44fc6973ac03c193b5662576d2,儒
cca23866a414915c3906907f5c870d4b,序言
a1a6db8c48a53557d25586425924e888,李克強
b82d955872a910b60e947281c811e9cf,把北非、義大利實行的軍區制移植到東方
8305ad5609fe102d10ac7d869b86282a,大運河
07ff1d831403d1cb22fafcb58746b94b,拉丁字母
b3d6b79f52b851046e55224853f567aa,革命
6d0934d73f06e14297c4b2b2ed073ec9,華人
011b906d788f4134e5985432a59c50ef,文學藝術
5bd3098349590872aacf68547843a3b5,臺灣臺北南港
49cc439fdd0421eef542c0227d527a90,1950年
0da22087369c7959b5329ace1cfcd6bc,一江山島戰役
506f251078603fdf9936f934bb79be15,H.264
5eb00e440d06fa933864116acffa7988,總統
c6e487574716bde757997a45e331022f,陵水機場
bfd25c7ec6884a36f2ed5a61d075cca0,梅梅爾
0637f64e12af315dd8fb7a75067f5f47,北上
bd14fb9cda05accd90a2ed0ce8c1306a,三皇時代
8fe73957b7cc80c55e887cd3f81c1e0f,中南海事件
f5611a80ae7124b588099f0a0a14f7d9,普通法
884f11b3571241a531f06a74e4732340,1996年
5e7abbd2bc1fc35da9898b7bacb41161,愛國家
9ad34fd4b4c0f3147bc86d06cadfed19,保護私有財產第一案
a968ebaee95f8a701675c849c52a57f7,威肯斯
dfc9aa55b7b021f3b64b7efa364df539,經濟發展迅猛
49152a557b76ef8b4d5fab4ad475c099,1997年
1a67c3dc5534065decb3c614afd97498,霍爾斯坦邦
827cb2aaccf0dcc8e98ee9fca764b8b8,《世界氣象公約草案》
c78aa6cc917d4aa19046643e81b7217f,一邊一國思維
ff970d65361d8d0d27c58faaaa6b6c3c,國家新聞出版廣電總局
ed77998ccae324079bec3ffaa3264d77,531米
1d65a37428075f160a05ea0e988c83ca,佛教藝術
9312533e5a6bab62aee49f8288dab1f3,野台開唱活動
95654adfc884fe680be807a11c26ee09,北宋
25602b3f0f4d51aaf36cc22c026728ba,1845年
c5b8e4960b012ba56adfb513b59f8d71,亞馬遜公司
46230a9ffb7d73009d7579c34b82c5cb,1962年
0645fa5ad6bc9df39f1dcc802f0a73da,新式繪畫學校
588e267759a6dfe2face26224cbae3a4,江澤民
a0c27d0a693ca1010506ae632d4ef4ac,香港
36896acf5e5dcb49d5d1d0d8e20e0a7a,立法院
7f450e107e59d70c473bd97c86949bf1,老莊思想
66690fe0fc36e4f3929e20234517583a,德國
e7f28aadc33dcd3606e372ca338a87f6,國防部海軍司令部
16b36ce9c3d2f1697d931de06c5039d1,蘇聯國土防空軍
4702e6eda36dfe7eb1681ac6f2e6e3d7,國際標準國際標準化組織／國際電工委員會646
2c82cfd818fd865b9da9308f114a5c3a,分數線階梯差
8e1886ff4b6ab8faff5e1c46192e59fa,參議院
f9f702a11ccb87eaf1a25fdbc5fad2ad,東突厥斯坦獨立運動
b8ba6241382b45b06b0cf902f9253e9e,南糧北運
100364e2f6d21612bd1294146e44b828,西壩鎮
8cb89b025776f86500d42e0ae1aff902,納妾制度
2ca5ee1ba0246a4387f938a61b531bcd,波希米亞
aaa055dd720e069344a0dec15e4d3a1b,大陸性氣候
b89518e2959183cae017b8d6dbb6f111,渡江戰役
6e86180ee6e765dc8301b0d15dd2c582,孫中山
daebb835dbe55844ee1f9702705c077f,平安時代
d39b92d1bc7f2a2375aa1c98efb18830,47個
96959f848f5ab81c8196b201862927bf,孫中山
b770975adc67407ad6079b443f0da102,重慶模式
9224795182d6ed00e87f8cfeca1704e9,亞丁市
9b95ea96edc2ce4d5f0c7b66e6aabb0e,1913年
7a3e9a157d9ab3869a67a1f00530e75f,1947年12月25日
b7a34a9ab9ffef3b765e3f27d153f6b1,18世紀
4e96cf0422dde90939586c943bb1404b,1987年
c46b8c28e38b26886b7b37272d8ee3b1,成本僅是送到西德垃圾填埋場處理成本的十分之一
127714067d88c5ff620ff29b11754822,2003年
3d7e04b732bc6d24bf7a5fb8447a2944,35.3
a2cdcf7c4fcac7d674e2529328f475e5,按省份地區劃分
fe935be6bd6c7a5825cbf8ab8cb9922f,中央人民廣播電台
26b0e1722d16338fe8413f137b6d7cd3,不當使用公權力
2874094dfe6e3452c88d6c95374f904f,神盾科學公司
5f9c59205fdeb98aabef3c3e9493ed88,吉隆坡
84fae0aba6b6bdd62348375d7b2deb6e,五
05cce511639202070a31509248e5c720,32個
2069529db37824ecff35a3a2cd113ed1,中山市
051350b495b31d7d16a0358dcc9a4332,提供全面復康服務
a72804b8c27dc090e7c691b1f6771726,曹軍
a82e94ef4a5c30a34c51ff6274c53a87,《DALLOS》
f4c39ae2abcb39187bd7b3464c5b12a1,1937年
fc28ac559a50f9b17b0409288af25ef0,取得外國國籍
3ab22e8bb7871dcb23b40c4731de1f24,中國共產黨
6e82aca2e8a9339fa1726a4b124d768a,儒家禮制
4fc3b80b720a8889d11fc254687aadd7,三維立體形狀建模
11d5612382f882d508913be833a71f77,樂都區
06928a11de5507e5ecf1ac06e0550b97,約瑟夫·維薩里奧諾維奇·史達林
ed51f1677af62d1b1bccfa6ebf73f9c7,東
a9d658f07cff02dc4a96b69ec26e6df8,江南運河
2b789bfa25607d21b6c689529860bf72,西段
7f7e1d0e839c460b6b04ced85ae794f5,中山北路
11377681df5373981d75dec7ae5adad4,1972年
e64eefb56e4dad98a5dd91d5d7b69c71,美國
7d571183564549684411c91f395f83ee,社會主義
55198e7a64bdbbefcd11a348999c3daa,尼山專區
dd3ce463bf281d7142203fd360e705a2,奧軍正在攻擊其右翼
ea4b62fc2ba189af7a60efa65008aa67,村莊
c2d8ef6eea79cfeb1c32a3a25f051221,1949年
4b9a5b0376fbb40f23b6374cb802ac9d,《中華民國訓政時期約法》
f9ba4b914c86b8e1c9cd02e7dfe18f43,伏求聖神降臨經
780e4953bccb557e1ef15f789281d213,中國共產黨領導
206c92339b6f0bf93076eff29acfe33f,《管子·形勢解》
40f08b85876b60d7a9b3a6be971f24cb,奧蘭多魔術隊
5e457ad585ecba613996791e36126f4b,金融穩定理事會
84795a270b05eeafc4a52c78ee735d29,2003年
c2f68fc4d918dda38417984f7cdc8bd0,劉裕
de68a643fe61f3fe0b77ff919d789122,鑄直百錢
8aaf097dd8f6199257610800023fdc00,英國
fa1cda78525a61de84178975f72396c2,協約國
5bab6ec659c0169ddfb435663735f289,以贏得重建軍隊與同盟關係的時間
e9db118176a422307a9a17e3feea4bd8,原創動畫錄影帶
4372f706244b5ec39f31b0ecead646ab,田中久雄
e4a98013f860d29925fcc0b72653621e,父親
4a6dbe1988610a7467e9969e63632fca,1950年
ccfbbd426b9c433c698f6e31795b6a4a,2007年
ea51859216f952540cfa556da57ce53b,英國
7ef3bfdbbd59c8b00c90af3c90f92d52,馬克森之戰
97fbb705bc7787528395ce3ca4cfe6a1,2002年
bc3dc7d97f85d8d40d480f188915bb1a,8K
96476b22e6986e08fe0e8dd23313a998,跨性別者
b9a4db889e6116cc88137949769ce5a3,漢諾威
340ed8d7bdf20a9475335b54a1d7cc42,嵇康
bbf767c9dcadf1a7e4228f5aaf25e06e,清朝
2b3c96c298e7de1c0bf31e4fb2e0d399,洛陽
a0edd651465087502f55e98cd3987cf3,戰爭場面
9e486110bfb7199112777395468efa93,民進黨
0dc34b61057f3a611faceafe8278f168,全球黯化
06999c13242dcec0b8c60367d6e73bcf,津鎮鐵路
c202b1a11897900cc70ee7242e0b69ee,全球氣溫下降而引起的民族大遷徙
ae3ffab3257613e8a37d85eb89644140,2014年1月30日
2e171bc6a99941873469132a5d093821,習近平
3ebcbf93d9d4ffd0007ac69641c699f4,2011年
c45ad0f09956f5c01ff05567489e29f3,《銀行家》雜誌
d4e7a4e2d2bcd6fc7f8ea64ee6444b56,厲行統制經濟
4f6be10545782b3dc1b48666a1b30399,中共中央統戰部
8cf54461a34f94d597fbfa7d24e9fa3c,丹麥哥本哈根
eb4870ad1775e239bd3b5e333fc71a5c,美國人口調查局
a7937fe3c392b9bcbcea3f6bd47ee5c3,19世紀初
a57ff785f6e2317a00597e160ea40c0d,200億元
5cb844a3b202f0cd6a62bf997d80fe71,1562年
3caa1437479b15dc943d7147949679d5,肯亞首都奈洛比
81565b4e3c8d654cae2578e74a4b3128,2013年
dc76429b7294b4e6308078ff7f373363,經不起東線持續的戰事
5f367000ae98eb3e6f59f56bea78b5b4,宗教
997f8c061c001175073157a710b8070b,洛陽盆地
0d77c2a72e09e3c9f91761f03c5bb23b,毛澤東
f900389274f503954bc4722f807bed81,南京
3c2acdfa94d4583bd88b1b0b8f9d5bb9,江南一帶
c8365780c13de35acb39d4586d83832d,世界自然基金會
405d78e3441b82c88b26440e303c3436,張勁夫
1d0514324625f925e7c56733eead2c94,1991年
2d42edc3690da52361eef05a1768d00e,北方
1b0441e339427bcad6cd3b4c9897bd2f,大運河
bf97165e08f8bf3b20c9c4b9371c8a68,11小時
899f8f9a89e1ff62c26c7affdd423f6a,總統
bd13f087933e6e37619d994b552c9c3c,上新世末
c96b199ff18a3004e9ec397ce41fedaf,2008年
af80031d279a4efd1ec6bb1fc87ba681,奧運馬術
194a667398cc0f5aeb0dfa623e5319a2,5間
49578ce94283cf71aa962d0842611645,曹操
438976c38b6321c9ffd6b93d4c352ced,1979年
9a26ff6f3e827af9bdbe9f58a1a8eaec,寧德
4b9c3a4b71da4fda520d785521c1dc99,綠烏克蘭
c19c3d7c5ad3fcc7f980d8fc78934a06,劉宋
02956af18eaa40adc76bcb4eb13a198c,埃爾福特
cb2c507fe54ba895590ac2b0a452c6e4,三個
5a06aa814e07b49549dd65de734e2ad2,1984年
a0382b30f8f2e4bbe45d9bbcc4efa294,德國
c82d06bc578aa442c5db84e203f0b5ec,直隸
ad491c130079338c03b65c1e8e3735a4,宗主國
df2ba2b055b6e2603929e32b1db87f23,外省人
5cf64b227a16dcaaa1c70c3a792e97bd,董允
93c2161707c3e9cc84c1450f5dbeb013,部曲
94279fa803956ae119f9f14da0b6c443,古拉喜
3fa8fd142453093c09cad8cf109562de,遼寧隊
11dd53f52b4f5765db5ee8e611c2099f,民國三十八年12月8日
66a06b7936b7b42069df3bf523feb952,中華民族
0867e9089f81ed6f54d2c3683e65853e,1080i格式
32b006728f82900cc59c587699f369c9,西北地區
c048334c44a61a52cd77a848f392374f,魚豢
a9d31a28245b12e5c3326097ae8ab599,1971年
e43a4d0e0bd17d57c809f923a24a83bc,1978年
ac738803e2605d6fad5f827ab66a060f,1918年
efe495b098f4dce39d3e8e8d0038eb98,英國
70a9134e9959658b64c804dba1ff5483,珍珠港事件
e20aa2e04dab8a67882ff1ec5f829c7c,象徵駐港部隊正式接管香港防務
41274c5c9ce7361aa76df738dfa92dff,1990年代
d2afad50fc03dc92b5ea493734b6bb69,1992年
4337219ae501d8506482f6b9aedac4c4,葵青區
46ec573b8c8d9fd9ae8fd854d8f1fef0,四分之三
253a0371af7cc7e24925bd5afa3c73e3,1934年
16f6aa13e227962c8b4a57125f82300b,中國大陸
c576f3b49fd2225b6e7463c31211af45,土豆和蘆筍
6242f14d127f59b230814ae5221cdd24,希臘
2e7c38a79e99552af38c3adc2c280526,「臺灣時間」
b06cf436cab1474dd6a99cc9ed2c72fa,溫帶大陸性氣候
68b1b5b07fd44788dd3444360dda7a0a,羌族
2d523b909ed5243ca88746f278a41767,河北省
eed8ce027bdcb1b6a5a003b315e51cc9,野蠻人
8969e686dd644abeaf55c6822bdeebca,蔣介石
50f3d77fd28a64d81ae3f7deccd569d4,山崎實
bfd85b39b74472b29f175192a693600e,晉朝時期
eab4c1d17668f7f1a965fc931f7f3d67,中山市
64e4e61b1629cf5c803f9dda4233e256,1922年
94b3db0433e689f8c3deb96c6e4f535f,中華人民共和國
d96d2f6d063d1e2a32b36cced90d7b2f,有重大社會影響的案件
56e2def7462df21ec6d192a864a7a9c0,中共八大元老
dacae5465e380a6a0ff98e39e994798f,15個
b990c632f0b3b2fd29d42197bf26b370,可薩人
e894080f93f5691374e6e0347e12c907,《尼布楚條約》
24c642869583c8fadcfed8fb6e87d669,通過其境內河流的歐亞貿易
d96eeb7426901e12be6a50731aa59aae,1990年
c77be731006f5cb98ce213a7f49d24ee,身材
6a4f524723a9b35f1f1b5c4937ed1cb6,2011年6月
69c63ad9ba533e35898e8c2542c3ca47,托茲·蒙
ff3e476f128b1b95c67b65d2e882908a,人口不斷增加
0402401e1286c1583e354aff751f3dc9,1948年
40a34bd7f9e258b937c76f84bc11c71d,緊急時刻
fbf85bd2ca457ec2e0b86ac3cc83d430,上海聯城
84dcd5d2ed5dea5e7b94dd72fa3aed48,上升氣流
3a7cc8b7d1130e1c9e6a5194f891d83f,中南海
4b040c168736f2eb2b19790cd1320193,合肥隆重
6efa0beecab65dc936be685ba62c7f9b,羅貫中
0af3bac229d67eee8888f28754e1c092,陸上運輸
4507295994f75e4a22971d68e6b3338f,3個
edb0f107717d53d20668bbcc6fec99d2,彌敦爵士
1360e0d6188cfff63e28172e132ba3f1,比較薄時
4b4611f8adbb5010d974347d30a1ca42,修築大壩
7a40909d866799f52ea504d2ce36dbad,國民大會
d2ddb722929cf283e71931323f9875ae,中華民國海軍
e5f6af6a4663bc72b7deaf8e843d22c6,1999年
da057524bb246c484fd5529b4536170e,孫權
48f5c71c8cf57dfc1fa22dbed04a616b,全體中華民國自由地區
10bfa832574fb7773a6db95b719e40cb,非洲
6c51887051aeda62376de150b094746b,九三學社
3590df35ac66c15ed0b3eecc3d1efa72,1999年
eb9e3d36bd8ba931bdc6ba36787c2aff,六
c419c801f4b801bd60f73070e3fad2f9,王維
c06057ce578ec536e2bf87e720c8976b,《奧格斯堡和約》
eda4662942711fcc9ba77807041ffc70,香港
6bbb4dbfac6489752f577be496a1627d,魏晉南北朝
c9c03177bf0b14424bc8b606a9ee5e66,德意志展覽股份公司
0e81e0b56b630fe85fa7262968aa9eda,統一社會黨
cf65be7e269a1cd0052adb0759ca2a05,眾議院席位一般是按照人口比例分配的
27599b7fed13006a213833249d320b7b,興奮劑計劃
d5171919477832494e86b7b756dc80a6,人本主義心理學
9169c7c780cb7ac22ad028cd43c14a82,2003年
11d541ad0f7360238f99263bf7b137b6,攝影用膠片
5755061d6f4157490e52702527f4f976,國際的相互承認
3e6dfa9554c5b68a3a8ea84340fcc480,國家菸草專賣局
2540d5261875a23d88307c536e90538d,全球暖化
ae3df2a2d9bed58c741d7021d750781d,1920年代
75442391942e6e45bd03e8c65255db85,東德
640bf59ded76615b52089541c4a247d2,義大利
25b7fdf47cfc9701a9ed0f519d80cb84,《植物種誌
59a566430e03be0e98d630f30b3996ab,諸葛亮
b7989520f18c8eca2610a1ee70491a82,開發愛好者
405de304997b906d11d33f2e1cb38667,東漢末年戰爭不斷，使得人口急劇下降，經濟嚴重損害
97595fc325663e7530863c1079e86eb3,1%
ea04e989ee5440c24c3bb67ce83e16f8,1717年
4b276e87a489c42394131ee25fcb9bbf,總統
812dd1011fe1cda1ef29825e9949d0d3,瑞典軍進攻日耳曼南方之際
4972073e47e229ce09547c670448fdea,電鐵
8114b951626f0b205886010d86ef2359,97%
89d90324624ca0b8f176f30f57efac95,2014年
b46bfccb0390312077ba3015d1b38c83,50倍
32c5fc0c006fa12803c5167761aaf758,印度
73921c1a97d35b1141aeda0a443e3976,上海特別市
0e52d635889b4d7417cf8fccce47d1aa,李白
196f4ef05fd6d51171acf7ecae9fc76a,限制非公職人員入庭
8568fad285873ed9ec62fb7030796270,詩經
42615749e1477404716c01a416e332d7,水
90e56696c64180eddd22480f113381ac,長江
c6e0d651f62684205c1ca3787ace0cfc,非洲
6c684541cf3228d4751db52b387c6000,1947年
da70bc8a4e90be53be5faff4b665f20d,中華人民共和國
30c483c6cdeae6bd64c27733e00ff992,西線無戰事
a3e20a9a491cf42f0e09efd18fd04b40,以人為貴，任之以智力，御之以法術
31fb3b189fb42f7c323a8e05e8073183,美國
05a40e46ed284a3f2e3550a98b014611,漢諾瓦
24c87379e871ff98618dc1cc50b67b38,4月20日
1c4d712dd30864fd9bda1707bd58ba73,法國
d72404ba0d4b2487073627ac015315ad,總統
430622d2faba3b97051791cd16c300e3,比較特殊的社會政治環境
562a8e27640913960baed0c3d4688503,佛教
37396f4ab5dd4201415a9cdb4a464edc,南人
a2b37ca7f93d255f7f895f23c2c51174,1914年
971f66dbf4608cacbdf48c8afb8e389e,專有軟體
b9c3bd5213f13c74bebee2ce56714161,內遷的北方遊牧民族造反
bcc01e758bc3e7fae9b3c6452440f760,1849年
135388fd7cad6b8a83b23d7f8b1063a9,艾迪·葛雷洛
d5b9bb1e937cb36620dc775ad5ab31e3,東南亞國家協會
47afaf5c83174e6777025a564d7da88a,沈葆楨
3ad8ee8ef9dc98c05bef9d9a1326ab14,雒陽
75ee2e06e800ca37df861c8bbafc70b9,中國武術
13d2541bccc490ecde662c73702f0937,深化國防和軍隊改革
9631d285f79b16ff610d4eb93f3e85d5,大清國籍條例
fbbc63fd8e779e5506db8592d489dbe3,王丹
3e68c0ed9bca13ecdd45358582e47419,政府
a0ecdf501af6e129afb52d71d73958d1,京杭大運河
9bf92c32e8067e2103de169b6dc873ad,洛伊滕會戰
c2da38d6ccf1ed4f950ed35dfaf80f3d,教宗
69b4c570ccd34dd213a559240662b91e,軍事同盟
5f3375bac4117f20e293d895b0bb873e,德國
24d17739cbd7f490f38362ed95ae439c,1億人
6ed2c0ca4c1e3e058857224988d41e76,中華民國政府捐助
9a53fb03ea6f726825f249b121889572,政治世襲
d35b556d0497639924976e5ae87e9eed,貪腐問題
65acdb8a2e5bfc6a9e61317b95b1ec16,外省人壟斷
db9d28787332f5efed85238afbefd0b8,2012年
c64de70e88ffc47052dc87e6de79f35c,和諧的多樣性
bd641c3b29bc59fa872f345bcc4339a7,2008年
e82c3bf9af5298560d01cecb20647a18,20多年
24ff17200b748a5436537a5e3accd7be,1757年
d2660b31a630da4e8f34e97af998a13c,避免在岸及離岸差價過大
b4354a267ce0611b556933ab6e559116,2004年
b439ca58065092ce3687a823bd1f723d,江南運河
3d53b8d8933c363c9f0aa9521d5c3fb8,《中華人民共和國人民警察法》
3a2c4574fe1f474b3d274ed34abf9d88,飯島愛
3ac8a3ec9b83157efd1646b22131db5d,英國奧委會
2ac67fe8f63e763e9637216aab3ac5a1,1945年
f773f7d2a0f20ba9fd2ee400569270be,蘋果公司設計生產
f7f743fe6ce03b13137e66979179a414,1949年
9c6c6f24e3533fb314d4576594b2a107,白堊紀
4f1ea174fc935d231e6238b8fc500f69,《五月之戀》
e36ece0e49f8868470f30a644ceeab10,天津條約
54e8847fd3735afe2412ee5fb60fe90a,2006年
7f583d69b349e77a16624e8ee7b5e862,上新世
c82c3b7befa807a10fe647c57b852bd0,中華人民共和國
c440eac47c412f33c66a0e9ad75ff7e9,建安文學
f85d687f794b0015f46afc42b8c59b9e,體感裝置
6a312df3c5a76a3f113bc8fe6a37d045,皇甫謐
c268710e9c6b73ec08a63c08feba0a56,蕭勁光
d93c2ea78105f17ee25b4f9f7089209a,安徽省合肥市
c26cafabe65ab9d25768f7522cf3edd7,端午節
ddad1a9e55ad13ac64fd664c97b9c12d,中共中央
79ddadcb2c3b3ffcd8b5da2b9d89913c,7世紀
5c0fc3fcf51f0e29bdc8b21ab134f749,摔角狂熱能夠吸引到沒看過摔角的人
e13e176e559de92331648b549b946760,太平道
9227607a11a9964dffeee347fe0468b9,薩利赫
0d33bec0306995f2171962549870f0b3,劉焉病死
78cee3c616538684bf18fd0e59ae1fc4,"2,749人"
4b8396c56a02a0d9c250aa73e6031121,2012年
d10e3474ffabe741760cccb9a87b8c18,庫班河
82b29af14f8cf2bff6b7e63a3ed6ae5b,廖亦武
d461d53350bd65d6bb62fff542852ac6,李國能
812f5c1a39b5f8cf022eaed89d334ea4,朱德
4562a9349d02c15e00c824da8a216f67,六一七事件
8bf1dab1e8aabe25a0efe7377eea519b,薛覺先
c82facfd52271bc925a9252f1d442081,沖淡
af5ddae091062de09220c8f10469aaab,十二伊瑪目派
fdc8807fae9001a0d033912479dbb5f6,漢族
219050131084d62ab58303788820b4c7,1907年
4cedabcf59c9c740a83c68817fdc24c0,四十歲
bb33649c27706f0841ab37bb13af60b3,1978年
13257d79781305846aefd2d7b4b40630,將世界摔角聯盟所有的電視節目在全美各地播出
ed739b27e2de63aa96d0168ac7ddf4b5,第五世紀
7a00cd0d5b78c96de413afc9a74d9e69,9艘
927757d6a9a652e68d30733789f64068,超英趕美
76ffd0b492e408af578696dadd7fcb82,天目西路
eadeb841c1e6196503fa5f0097e987ba,尼赫魯
a8cc5bbe8213895e3296e778e08f4282,里雅斯特
6c6e8b688bbf3bb76a637555ab148753,專有軟體
1a7b78b7be62954026e1cd610e2ebf00,九華山
b33c1f5facce8df7c38174210be7b125,作為駐港部隊的基地建設用地
cefaf831fae85d8f8229cf0c7f73869d,1924年
e6998c0ccbfb359ace469e943f7b9f85,399美元
fe978afdbd8121323cd6d3f94571dfbb,1月25日
f15d1332504892f87792d412eccbc593,袁世凱
65fb98a05c88ad483e0a373ebf352073,斯維亞托斯拉夫一世
a44c319b8f787d2cdca641aae4a51dd8,哈布斯堡家族
8d041c800f4a76469d95146ea4ef3e12,太平道教
fa330a4c83ed8faa8ec0996a01d9ccec,《美國愛國者法案》
473b462d47e7729396988606f6105557,220年
0ef9fac2a2448182326c920f4aee50d9,可延伸標記式語言
a50e331c2e2bcb8feb88a2fc7a36ea4a,地位較低的議院
0de43ca53d6eb34b545463fd73edbaa0,農業
ff0b9eaf1aca915247dd0ed33dfe9275,2007年
e14c4087d5c9a48aac94071d04d5ad88,上海
0e72d61a4c08edc5c144c3f70861d7ad,騷擾淮南來獲得人口
f3338570fe2f6ce434bf50bf2e3d9424,京都帝國大學
ec80ab775e6d3a16cd27e78a1093827e,中間的·美洲
65c990c33075ed51e1a22a3cbebc1f2a,全國人民代表大會
e9aba0da09e74b1adc70d8ca5967fa06,1930年代
b3177540f29773fcd120fb9d0d8db33f,1966年7月
ca39a37fab1e30e1d0f75c8460123726,金天德二年
476175a2fbc2077011c512275a34ad95,1949年
3f411e15e3a5b939cf7b152a49a8d77a,2009年
1c7c3a1d236a5571ab9a081d2447b8c9,布托
79e88da677588253ae5b7c5c42dbb4f0,上新世
bdb263ef65adcffa40bae17b29ee88ed,中世紀後期
4d793ef85f092ea44b1c7baab0a5ade4,蠻夷古人
fc95837aab0428c718352e4411090285,1150米
8905f340916838322cdff7e0dc43e955,狼堡大都市圈
f52400bd0d144aefbd02538a20e69f6a,喀麥隆隊
e92e5a50063d81b690190348f9b1ff34,國際羽球總會
167e62bd538d824ff14dcba091f1b76f,720線
d38f7487c1ec890f679c358d36aea045,羅文錦
abd96ca7dabf33174fc0cf56a97da88f,懷仁堂
3825410c17b24a3732917bd03f7a7e52,阿拉里克
6da85aadabfa94f5b1f502af8a2bdffe,三峽工程
5c3a5f7f88cda62ae1bc9a9869bfa02e,保加利亞正教會
34e4ecc2b044aa466323e0c3c05b9515,專門宗教事務管理機關
f11eaee1e36cd91d1f58817dca1436cc,1995
647bf094784076d47c64afea340112af,大興水利
699e56fb3e7e6bcb42d47ed13bb6f0e7,李登輝
8c6e63988197527d7c76f31dca66f926,二十歲
5f8badb05180e9751aafda2d629d1631,2007年
6a74cfba87ead13b0a6d5d316d8aaa6f,佛照樓
fadc46959b862c6eaccb3c8d7e6b32bf,葛量洪醫院
e9cdad24c6766187d60eaef7608670d0,４次
978e1381d0f4aea9ebaa930812d78462,換地賠屋
f28c8b04d3b23f2754103b72072e3472,美國
8da8e30654b68b2b223f9e778e5ad966,1989年
ce42609d663ec87c5358303d605d5975,梁振英
7d6876de5019c66a0f49695915b8313f,1955年
1c41bd04cb52c34c39f59d181544ddc5,威廉港
9fdda683084fd662146f14974edfeed8,經濟不景氣
9a0678f9ce8ddeb4e20a93e592ffadb2,四川盆地
489b3726393df2217f275cb6235df4e3,劉少奇
69e7446f15d087d34af7d53669390eb9,日落
79f9f0ad5e48915376f399d1e639f6f8,格拉提安
e3ab493a112a5a653fdafde55caf661d,王凌
7e9e08d5da802d2b07b6dd39f08f49c8,軍事檢察院
1afb1f4d588872238dc85ce22f098583,38年
5cb1615210e2d1bc882d027d512406a8,第一次世界大戰
67c6463ca5a7c72dffc1e5a43639cd54,「宋王臺」
15793583933a29ed97a2e639b868835c,奧運會
43265741ff12546ae4f8eef355c05ef9,國民政府
73ff163c4b14a98d1282bbd289946d85,身份證明局
2b792aae82df41af5c29a1bd36077e93,1998年
62650cf6acfa95a3bb79d3fb06e009e4,首次將保護私有財產明文寫入憲法
7e34ba2d8074607c3920bfe4d9027a56,漢朝
36f2a03f62de1cca28ebea375a34b00c,1763年
b004af9c7f1ac0c360ea96722b409a40,1932年
9cccde96a44d93c28c9a70c94776a23f,長安
ce3c6133088118f71aa0c3b692787e4d,古鎮話
270ef679fb48d4d6be3d1b92bf7dae33,網路爬蟲
66a3804a2aafc05916d27abb24aea5ea,中國共產黨
f6782e588d1843cc2e8c217e3f137ba0,秋收起義
db98cf4ed0ecb496c3a7cfba121a4b8d,《漢書》
544889d046476e23aa9f83b94db29060,教育部
c9bd487f451e82fdb7b8ef3aef2e3d9d,遷士派
186bdf08dfd6f1fea05fcca8f21d81ce,求進會
a9993542d57b9935a9c025f41279201f,《威斯特伐利亞和約》
0ede69032b4b5c22f73069630cea4703,穀神星
67e6ab53671c16011ed510f6e689c13e,北回歸線
2018469ef21e129563cf5a7b89adc4af,總理
2e5169c9252a357de52f4c0e19f85dce,葉里溫
9699300393275e48b91bc598a91129b8,1964年
ab4d2117c32e19ab5b84742b4b39ac17,廣州恆大
23d25a8eb7f0c855a7a87ee2e77b54b4,奧多亞塞
c4757b93610ace3358f78218a340e0e3,麥克斯威爾
4e4ab7086df30f7141777ec6fbcb9079,1983年
fe6caeb1c5afbd9e6a23592f812b7852,廣電總局
b99f7ecca8c9842a395cccb25770a823,烏克蘭大饑荒
41c27acfd9e57eaed6aaf7651937df6e,二疊紀末期
3f64d382670937436457998184cde0aa,淡水河
b5d2921a6b34d9149380d8c6bb4dcf28,幡狀雲
8a4782778cf0e735eeb0b997b4ea815c,一年
122ad9d2a6ca229d9577b7ba336d62a6,《中華人民共和國憲法》
c560d30707b9b43641b92c054e09a29c,軍官
70895c19fc86fbd1f526a2c8992c0a23,上萊茵省
32d49d1d3ff62bc5c319afd47c0e04d5,三吳
2476cd5645304f369c4b9a0fb257367a,老子
91b784bd4b0eb9bd0f4cf7bb157bb837,《國防報告書》
9304d831b97ecdeaccb0f2e1e86e1188,15個
868a02dde7a248ad5cd7fdf85ee49122,德國
ec744df9df28b7995c857640fbf12fe7,神拳
7d3b71a13e3d7aadf46a5798124a9659,元朝
89d9962a080906a951ba557def38dee2,不能
70d828325d476fb4ef24f96a1f5234c4,三次
411a605d2d234bd48c7d0da2ef71e6e0,亨利·馬蒂斯
315c3a2f95fec910ef93fb85844929a7,2004年
2963400f2e068c6a4da5a35e0b7d5760,艦艏旗軍旗
af42cde5059fa2f3c6e238f4786998c4,東西
5a3bf8c729f6f4880620eb9fe82a92d4,1945年11月
f4486e95f9c454368e23a705bd851739,兒科病人
eaef269754aab12f8f13829f57e0ba92,琅琊
6a754e51beb70ebe32a058da726fff21,中國共產黨
252676a84e91082f9881513981d4ed99,《中華民國憲法》
792b7a4e868d3732c2b188c7ea6c9a2d,巴基斯坦
6b8c59fef38167a838dc05fd79c98ed5,輔理主教
796a45704726d58e7f59f8c0482eb93c,網路
b134201b69db451faef6d18334bea8f3,9世紀
7ff1b6dfc7d57d577a18f205b831746e,工作脫節
c0b5f25d8284abfba957e999b41a26da,279
3a359b3d309ecc437874a7c1152919ea,為了對日本人說明事件真相
29c364ef4ae2ae0fa63c563843a34532,工部尚書
024ea824bef8b6a8c389c4c9f1f03705,2000年
af209c2c2c0afdac0e0b5848142c4812,可延伸標記式語言的前身是標準通用標記式語言
8d91474c34514c47f81bd9a607b4c108,2015年
dac51e68af9e884cb65bce28569f9f68,工業
53ff4d2fd9baad830122df581dd3caf2,科羅拉多高原
c9ddb8cec57258adaab8c73ff157066c,2006年12月31日
9ded6e6c5294d578c3ad1fe1f19a5997,50億
ee0087fba655380a1403d4861a2021ce,一百名
d7881d1c8097d5130a14daa7e0a3ff49,胡錦濤
ed203f1ed6c994d92d9b340075f5af50,國民黨
1ee7e3b3a6bd4e61e123598478c3d4a4,1982年
4cf96c24d33146a654c48601734682aa,1979年
a66aa098492c1f00955770d665ff5e97,總統
25820b63cdfa13131227800624bdbbac,「HD-Ready」
33f45a0ded06a67e2f2c2279e3ac03a4,四大類
73881ce87489b6e6a90b6d829b8c72ad,印度
ea36266d8538adbbdf8d66be593bb378,《辛丑條約》
3cf58c960be445fd07296f31eb5d4299,1969年
0ea7ec62384caca7562044d01d4c9678,太平道
da5214d3871f9a5f3673ed22d978bbab,1974年
ee77eb4460356bb122ff23f6490cf6e1,鴉片戰爭
4f84ba42417b4ae7875b9069682097a7,超文件標示語言
b326dbc085d58fd021da31d9c850e7f5,台灣共產黨
f181337bdd08afa0dce74d6facb5e5ef,美國
ee44fb9c5c7876e464a7496ebd3a5a10,黑死病
168365ac4bc0f9f503992324cca2899f,中國科學院
a85e63dbfbdea31bc3ca80f87431fcaf,裝甲
a5674c56a3155eeb5b7b48295a95a145,1998年
8bc98fa9dcf2bedcc81a2e1ee9f72e4d,英國
8c95966e4b0268fdc9f813e9d9a4bc70,公元前27年
54bbc1b73a44855620cdb6b8462e9f26,葉門民主人民共和國
442cd7c9abfd7de1ecf8adde040c00ea,7月
da15bbd31b33ce4f0acc9f74d9579fb1,日俄戰爭
f9d9449347bfabdb4b9cc34bf7c00b61,「拳民暴亂」
5d313401bed61ab7b542e8eefe691084,1916年
79341d706b3de55d68be0b4053469eb8,掃描
9f61c9d8e8f32832d0f30d799e53965d,中國科大海外校友基金會
939b9187fe2405123c23a8d9e136d8f5,噪音
b608416fb302e053fd70fbdd44d2b75f,金輝
14a943351c118bd9ca25822b8320e097,查理斯·萊爾
3bf69a4fae3219fa50c40a80a870186b,華人
132715f4d4328f7485439c2c8f8f6cdf,西北方
b5a1de3397bdc45ec382ffdb7d0ec50e,水源
690dd2e27f6a99a0ae119d3db90632a4,中山三角通用機場
25f596cd59d5c57e4f6bbc1e11868864,1950年
e20a7e9f90b19f9a5193b38be8143b86,見曹操日益壯大
8d22f7332a052b27232c3db36a344772,哈杜爾舒艾蔔峰
088f4ea34a040ffbc43c9fcc65666e62,中國
0f337e5a39cba8c3f609c523c5e429d9,基督教
225770e76ade5e35d04a7b2855e0831c,琅琊王氏
e9e824c817d070214618d8d097ed0f44,被蜀漢舊將羅憲擋在巴西郡
e29a2d90253745515604069634edafd4,隋芬
4899cd87daa92fdb596aea1ceb55c313,中國政府終於開始承認人權的相關語言
911b6388db2ab872bce8029565eb5110,中國推行經濟改革的政策
38ac63f0b4e993be17e9317bfa186522,使世界摔角聯盟成為全世界最大的職業摔角公司
e3f3e8acf9dc300368852d967f161afe,希臘人
018648e29ff9cfd526288789094cad9e,代議制
f818a0f2f6e43951a6c17dca377f2684,為了紀錄泡茶的步驟，使得感覺器官上的比較變得可行
ddb1fe6221d7061f6389bfe29d268d7b,國家教委
10dedaf218c9436c894402d6c4fbb481,暗礁地帶的生物化石
c987b3409879a47fa009112f0047d919,自由派
d14e75e081b6732636c29b6ae744d18a,諸葛亮
b300a1b54e982a78cf7d16d1f9d293a2,科林會戰
f8eb2fa67d9c8d3e39011d6b54fc632b,座位
d16e7c5431623126a8775026e7958989,中生代
db88052e73eec0723826020d4567978c,不能
dfe86a3f6adc27ca8948d16076304496,中國
32c918043f8ad4838b9fe75db6c47dfe,上議院
52630462bd6b7b09597833a6bcf30b2a,開鑿運河，以濟通元大都
5a97362116ea0cc2cf40a425f2affb3e,中國共產黨
dc9000e1d61efe037f7709119456264e,12143平方米
e8770540bade6d35f8c4edc401898e9e,毛澤東
201539a867ba5711718311ece94479f4,分影格
ab1fd5ef1b8e2ac5ba115e6889c19dfb,1917年
43a13ce3954026c8f2e275cb5463f368,12支
de0ceff95534b5f7bb74addc587d097b,2007年
7352b590493abc8ce708814cfae70580,10世紀
0a667d43f6f1f013e281add09fcc4599,13%
18bbea07d011072bf197b9e33805ab15,5世紀
7022ac707c7a3641294d74bd67e64adb,23個
472d4a5734740635ef1d99c13203e7d5,1997年
77d86c7b8c703204b3357a10e1481004,北馬里亞納群島
6376835b551c48de84b3d3ead8cf849d,因為西線的馬恩河會戰失敗
0a0bd412b84a673a72bec31afae3192a,對日抗戰
e7b6440d857b129eddb8f8f82966531a,1978年
1afcdda56acdc3b7cf388d7beb598168,十二年休戰條約
5207704d4b071a3825c4eae34239d465,波士頓塞爾提克
032a53e58bf17fdec2bdddfbd6b732e8,中山足球場
1171720362f83528c4445d59054f6ca8,曹操以反間計
37006c9e5a502bd183bc205648f43cdb,610辦公室
109080e608a39e67d2eb54a0505b3983,二
16aac2fd7c8a1c584a75b63d1142d53b,孔子時代
746985b29ec0af8166ab66a1603eaab1,義大利
12b6ddf2bf52b04b62c0818c9c4feb14,中華電信研究院
39a50eeb88dc0601d4c1529f22d66698,中國戶籍制度
62c58f281887379bb9ac9de0bd817517,1900年
1f35fec4d974d4a79e78d7ff15587fcd,寬街霍亂
53e16c2d352119430e47c95c15498a31,馬拉卡納體育場
ac8f578d9cc0ccb194e90d23afb2daf9,中國
8c29fa928d1852488bdf4c2ca9e4b768,聊城
0d10d6f12502df000b2393569e7b9ce8,2005年
d64f4028771fc6fae7914a997bf2b343,哈斯滕貝克之戰
b028e1451d875fdb0b10e824077b2a0e,20000人
da110230e6ed41f536d78779498646e9,中國人民銀行
606256ff910f5f2d5073913e0b8752eb,普魯士
82b3d8f045e2a3ce3739109234209808,東斯拉夫人部落
7c861acfa59e8d8212c274b259b7f427,網路連線
2f1b22dbe038caa8ce62f8671f708786,中國政府網
418938ed159760c9407ee788640e03b6,哈桑
50852e82e93b7fe3cfc3b5da8226462b,五
b1cb207600fc3fbef99c0f8cf540e46b,士大夫
1f69b6b04c17bf88e9ed712d370ffe23,200萬年
6588c2e2364b7ed362df78d1907d123f,中山市東區興中道1號
c44f8a1692be1be814790c8c3292f2c8,繼續教育學院
df7cf2b214900f487050042fcc97c007,上海電通公司
f7aacf3f8e22d4b6547f9aac1fd7b357,33個
35d59d605f48019baf747358770b96e3,國際奧委會
d3ad63f1f04070ed43b23e750761f31d,西亞
884579d02111fad8d137a2eb3060e16b,西南地區
24c38a3bfecd38fb727b63da5f5b2081,中新世
9575e97ec41df25bcddbf020864aad7a,不合法
4aa81f603fd796885ede25e256e1937f,穀穗
c4741ce635359dc4ffb0f3a49b94d299,188年
74e636a724fd27d82072a2820128276b,秦始皇
5f9578b648bb0e2a1b5edba4546e71c7,凝結尾跡
a8b6503f0cf21024c3dfebf6c11f86b6,民政主任計劃
906efbc4f363d7c94e408923ee6ac8ae,夜光雲
6fc965db45c539c625296e3dcd8f875a,反對黨
063676bd7f0aa27e2ea820668d6a6f3b,冷戰
fb702c0ec78a0c0de2fce5a66c6f71ce,阿里
ea999e698a47bf26322808b93ef32f8d,已開發國家
da6270a22f3a5b81f4db3ae905e91de4,389人
d6b1016463c5d177fc957154a240a6ef,聯合國會員
021ac4729f2c9362341ce425e0089018,政治制裁
bcdc3ce28f52ec1835e872b86b12882c,張伯倫
a21628a82632221f5b00f98f363d2888,蘇占區
8d865a2a24439849ab2761861e1910af,0.04％
cd08c80b71386d574717166b634025bc,促進和發展旅遊事業
3a4514cecadc1a0ddbf5e9191758adbd,利雅德
2b4b23a67c50ace6a2568748e88e1677,漢族
1395f56f08cc27bb3db51bfd36ed4a4e,下薩克森邦
64f6e35972e017e28cb6137007f159cd,1963年
47d02044b26801e6538277594091ddcc,1736年
eb3989799cfc4396b55f4b330823ed6c,伊斯蘭教法
da66cf1e77e36e95f9e417c5bd4895c1,11月
26a4b319225c801ed42a80bb72e02ef4,全球氣候模式
877c0b65c3d0c4f152e9f702ec897cad,水面艦艇部隊
767ea8d792bb0f4bc6220d8848a785d4,藉由專賣局與貿易局壟斷臺灣經濟命脈
b9cdcfa3466753d80cf3f60e6a0411b5,李宗仁
457a0f644622c10ba48b0d42f195f717,瑪麗醫院
c3f747f5be764a7c265326e3e42ffff1,2014賽季
19c4a73927047fa3f1d593c865d64a49,1928年
bb1c727d86b7eb2bc293cee0f3b2a202,263年
652daa3b0bddab3d617157ee121601e1,六十二個
b838ceac55501afe81a3d4d5e14c7a7a,維吾爾族
ddaccd979fdaa15bd55df6b28fff83ea,歐內斯特
cb13cd7765b87dfd6c8b096209791094,西德國
5c21472af2b6b1584af3ddf5b307902b,中國人民解放軍
b6dcc9cafe855d024540b93a554af88d,372年
a9b7a4e56fcfa0870cb9e1a8bc5719de,1983年
e5cef74ae863aac372528a77eb0c46ac,江澤民
0b769d1a3b34a66fdb1a685ed15dbbfe,胡錦濤
f8beb695303d6dec28140631c9359086,中國足協
f3c7f239aca6308f5c512a1ddd90eeee,2008年
c8d23fe01c77b54aa7985cf7cc130798,感人肺腑，表露出他北伐的決心
257a696cf90e84b67ebae7f14eecff99,總統
fd48f5c06f03de48e464ff7be4ffb7a7,彈幕形式
41a7e30609ada893041aeb7e23f4e1d9,1958年
d6777830144e2ba6fc3cf4ce9f64ea9b,建築隊
03c2150b46e8aaa7c0cd23f9002ae59b,2005年
03b54770ce081d2c8a2c34b29f72eab8,長征
dd212d876aa4b2c06f9295678104ddfb,大清帝俄同盟條約
1c4b72581e2dd2c7fa1aed10f9655442,協約國
0e22309d86da7cddc0c2f4da613fb862,1972年
c886e31f799e95a45f2550c662385257,南美洲與北美洲通過巴拿馬地峽連接到一起
f29242480132119e0ed73f2260d26230,1947年3月8日
cbae6650dd81b91842a92b969a214e87,《飛航安全調查委員會組織法》
4be823545e72a88d3b49bbdfe809a141,什葉派
c530a8805f83fe0b05718ae6c22db505,1999年
5c0bb75bd0aec939aa7f26a58148542b,摩洛哥發生反蘇丹的部落起義
5240933aa604cd58973e8110bc9cf8a7,中央610辦公室
a1cfcd1ed6a9a1af8e982c3d3c6f95f7,21位
ba2e138bf412d0ade47d998a2df87ed7,金鐘罩神拳」
4694f7832c19440101eb755ad885c72f,國民革命軍
282e2beef94d4b696553fdc4f57bc5a2,要求眾多人民的基本利益
552c19adbefca63110d484e1bb4e886f,職業
bf63cbb5776e3ef5c35665c5be06b0a1,孫權
3b28051f91e7fd3e0b37a907f9380afe,李世民
0a55e2bef2fa395712cc0e5d18bfe80f,1978年
0a566b86a2af72117a0057b9bca41ea8,民政部
1a47924a5c6a6dba1a81f2256054654a,以圓馭方
3d17807174a8650958a10b79085f946d,四分之三
cf80d59a13f3fabecbd4211a84b66d26,股東
1411441fdbfb24a05b5f82e30af6fb51,百萬人次
86b0343ec33d4bb3c7be8a7bbf9215ee,12個
5bf57cfc05a0d3f1f9628f53a9cfaddd,工作脫節
67e778aa2a35af63b89938c21c012db3,澳大利亞
3e2b7ebc488611bd4550618c2ea8d4f9,卡爾·斐德利希·拉普
2e189fa587baa94385a69a6d5b2405cf,國務院
1e975b44b63ce5ab094ca7cefcb2814a,《國歌法》
05a17f33c64dd4be9d151a72a0c263f3,中國
2c95e83b174817bd66f53b70d73299a9,《東方紅》
9ccaed1e112d8cd324aeafe2a1fd628e,豐都鬼城
4d1b514e82f456658843a62c2e2a8529,臺北市大安森林公園
b94f77ed5e8a7d08578a931d2e1b300d,文化大革命
24156cd9065128421201c980a865d6b7,揚州
f309da5ded9dff325c8693f39d25452e,印度洋季風
ead50159df93ffc71c1b65e8699879f5,義大利羅馬
b2d7b8b13e0e01fd1c40da33579139d5,5兆美元
a71fb278835d3387b2f9d6f393daa448,鄂圖曼帝國
82da2b869dadfe7b0f810a0c6772842c,宋史李綱傳
197d5d8496ef2fcef33936632d8c70d5,4位
6a83667d0f3ae8c2d2b3416e60e00817,17世紀
f69f68b461605b13fa3c6b793baf908d,1970年代中期
ae0696f16dc5c5d585da8a885c3c7c0b,十地經
6f593da8565bba62637b0f4f67403a49,北方
c6c0680682005caee957cb3ade2212a1,珍珠港事件
1a705ba48a84b34211ef2a67e794e19b,埃及
6162ff7252c825dd42f6d6c80704f2d5,清末政府積弱不振且屢受外國侵略
8dd4b73c4e7827df856bad708c4f726a,長年戰亂
3b0d33ad5459068dac419e7e35838c2e,聖梅斯羅布
7e9a592293817981d19e5575e5668d1b,世界政策
ca5de967541ca3aabf6d4f364cbfdd70,央廣
3873f527f3b2f1b7a0f6e44bebf0f671,《中華人民共和國憲法》
db8c0b7788e78fdd31c8684cf5421eac,清朝
146ed3c851ae778adfd460e97a4c757b,中國致公黨
9f1ebd1a958d86d3d2d9e53a8eaf48a0,臺南天馬分台在幾天內面臨拆除危機
f5906f1fa870a20df9887e21a83445eb,70萬
a88652767ad3187446944157a8ad6d80,1911年
76808d5c74a34f5b826d0441a6df662f,香港古物古蹟辦事處
24fcc9cf376a36f4a74350b48a262071,丹麥
682d9d7b946f7fe9ea77c69f7ac9da08,東部非洲次分區
a986becefb751c32e2dabe8057de5795,巴郡
e62fdba091606def2c4544dd3d5981d2,西班牙
8579f9df1583a5d8aa5c96fb25e17e22,肅反鬥爭
94e5202973fae3834c7a0371e0e0311e,小欖港區
51b4a6a9515e2b3c2ebc27a17f5e29be,主要戰場
2d373e17bea0ca04cf46e2b2ab64128b,全國人大常委會
134c0c1f94030e6a59dd39c80f85cffa,義和團
146e565627feaecede573f97e09e928c,浪子
169f6d67040adf76fcfe3577880e4836,過於注重經濟增長
e3686d857373edd5539810c8659245ba,台北101的91樓觀景台
65971290c4e8e3637de546ae539004ad,三個
22513604c4402888ff3bc166a04e807e,可延伸性
976fd1627c3fb02a0ccb48bfa29f798b,巴爾幹半島
ae5c125071d7cf15c755ab7f13869150,1896年
15ee66f1bb84d1306e3060d4105dfe1a,為了解決中國共產黨內部的資深黨員安排問題
7a16874c8ebe31cc78e99fd37c3279b9,赤壁之戰
e179d39ec274ba7e641a83ac9742d219,基於超文字相互鏈接而成的全球性系統
9fb4139f0d1c7e9a8192bda267c6941e,治實不治名
e14718df2a3872eac39038770f069ab1,永濟渠
b009cb3b85ca76c666e078a8732fc168,瑞典
778a8e89a576e927c32e39c86737c2d9,1974年
1d9e6ab5e0d1fd19556fb0eec45737f5,英國君主
652b3d38c63659bc81612736978a470c,保持了很多勢力穩定的作戰力量
50760f77f53c9e571d0a3c3719ee2732,《水利書》
5e6e0daf450ff81ef314af826535dd65,208年
9b737e92539808b43c12cde9c40f2317,布萊洛克
20d36185152c9f2f66988018ff592ddb,氣膠含量
a439909cbf22344124c0e941328b264a,邏輯程式描述塊
a812e5fdffcdcfe987b70641357e9da7,南島語系
5969ec967a92d22b56187d783b41cdaa,關羽於樊城之戰圍曹仁於樊城、俘于禁、斬龐德，威震華夏
568128dfbd22249f923b61cfdf82b3c6,朝鮮
8364382641f1ca15f793f37400226223,約翰沃爾夫岡歌德
73fd01ed69ee56d2bb5200cc2bbabbae,1991年
ebfa4dcb5007f70261964e661f33037d,1980年代初期
3fdd9c983b3e593b55737073f3bbeda0,比較高年齡層
f266b5ef4011c440fcb8de95a08f3e6a,H.264
b3e0cbb63107aabc0064fe8b743e4beb,2003年
49b74a21aa8f30c03f3220bd5940664d,角馬通用公眾授權條款
d14b80b0da9346886fc09a6a223bd5bb,由各大洲聯合會輪流舉辦世界盃的政策
d1fbe1b827ae9bc3b2df03470766f780,1945年
aed90d99a50d438324c2bbbca3be82fd,立法權
df27f9329b52eef874a6aadb69bad5ce,河北
c9693b2c878b366af0231a037a5a0738,手工業
7fed28d662ef4c8c5886ab772813d303,漳衛河流域大興水利，農業用水
57419aa2b580ef5bd1a40d123ba7194d,中國科學技術大學
21c68f264cb814c25258d53136ca6fa9,三重縣
a6f48e58cd036e4290c6e7c8bffa5684,進攻性
0ef058739f63c742dc4fb143fc3137f5,凡爾賽條約
dcf841f549f27b09559468236c7f3359,2014年
eb2739863faa116eaa8c66add3a52d49,中國民主促進會
b81ac3944dd63beaf1a0d125ef975c33,1949年
d38cf0aa0ab84d2e6e4d08909e71c8bc,1930年
b553fe85d262a970242282010f731a20,內部不團結
594a362b4797b5498a67242f21ae62e9,二級行政區
fdeb0b9b3f786721e11318ebb912c6da,2006年
bced1aa1ad4905db15327464d48ee000,廣義的西南地區則有「西南四省」、「西南五省」和「西南六省
c2faa507bdd8105f9a15dda94073df30,CoCom協議
95c05a91ec6f09edbad2525070472786,中華人民共和國國務院
0b0634a698c26db7342cb2ce1fc0e392,聖女瑪達肋納
e6846b1c99017be47b6b1082af255cfc,使用者
08918ffb0844f3161a86175a41bba367,長城——祁連山脈——阿爾金山脈——崑崙山脈
6bf5856903cca4449a6c0030b720ece9,西長安街
64963813c590c4efcefab2bece71e35b,契爾沃年科
b180bb2948da6e43764639e39bdcbba6,1984年
f0a4fd6dcfab9b9c4ec48c5755d8bab3,全局色彩表
3eb9e397936d9b5d2573bef26603b97a,蘇迪曼盃
060eb17c251b10d9f983792e96aaf4e9,中美
4d5e1d31a72ffbf46ba18fcf444c61c8,司馬師、司馬昭對反對派採取高壓政策
a9f5943e8ce9ecbeca2f5ce587352a44,《辛丑條約》
b2e769cd40df05783e63478b3e0e41ae,總理
090a0ed063164855b3a6a1b664290713,殘暴
50227b335c7331a7d09b811b41cb21e7,革命政府
ec98d080f48fbb80572ac4ce84b8d46f,3萬5千人
4956192a9fed160d62d9e7b723168d1c,翻譯維基.網
99838607919a238cc066c362c3f444ba,柏林
78478954aa21e410d0de16e0fcce1d4d,18艘
14ce8f1cc0f5390d49bc73da7ff2c89a,北海
8d310afe5dd76212b3ae3bcd6e96f6ce,平安京
16146cc92a124ab7b5d83eb5d5cee8a1,被神聖羅馬帝國皇帝所猜妒
9c12b0947519725c30f6060c318674de,中山
72d8dadd78094559a285deb7b9da484f,漢江江口
309b781d469f4af5f12595f2c04a5b72,番禺
e25c7a33b2a341debbf491f7a8b29b4f,亞洲足聯
a3fc6bccdd9aad257d78e7674bee94f3,犯罪率
b4d1622bb64626847390cab887cf28c2,1539年
c7756619f1022b863d439246570eb9eb,␁
47852d1717d501d9e570077b994682bc,越南中部
bcad5dabb558da4280caab4c50818185,伊朗
fd06b9eedf75b6bf556fb49a01437478,開始整合中國共產黨中央委員會總書記作為最高領導人的權力
584fc68608b403baa05a5248f5361c8d,2013年
4398e8f517a86c4ac903555629d3e774,沒有
e75586ca29d9e01b39c88436f574e198,三國時期
991d1ab9ac223dfab090ce7fc7a53728,拷貝幫助頁面
00a536e8e8bbdf71ab1b17c2c6ef33a9,臨沂市
c3e3ccc4d223c0a81bdb1bedb54c1196,1999年
6547307a39fda361fdbfbd54c7cbf6ae,日語
4a2ab32d20f3b14678e59a75f14d5ee1,赤壁之戰
52196f31232fd44742a3a18b680c2ffd,1916年
975247fd0181dd785bfe6989ce61fa56,洛厄爾·菲茨西蒙斯
9fefd21d910a2a4e88d9700da6d94084,壓縮演算法
2187f4e976eefe10b4aea4229c42489f,曹丕
f4fb8ad0fdebc51dce2fbf75a3390f4c,中山市
f295faea41f6dbd61109e0fa095429b5,國內階級鬥爭形勢過於嚴重
d3e6177dd092737fdd6b338778e93d0f,瑞典
6a40aa5811d8e725cace15e5dbd57290,阿拉伯茶
06a3097b3383ba0bb55b9c4847627112,451年
8892d7701dfcaa1f2df26648d252b0f7,維也納
a301342a6d0f7f737f06c177beee35d0,8年
0a4bbc6c0526f704828fcd59219497f7,朱紅燈
8f96df6c0bd058e4b2735759a2774498,潼關之戰
8c79c803869a4c9da2d08e19557cfa4b,檢查高速公路上的情況
1779d65886754389f5157c08cd8877a7,西藏
dcb7e90bacd63949dd5d44a8b677d85b,上新世
7dcbd299665d4a68ac0dd5bab9cfa9cd,2007年
30e07dd5f02a8920be6857d56f115121,教育局
0d0cb5dad393d9c3dfbc67de6c449d0c,物資緊絀
4e0a38ced082aefa75d0bad9b044723b,62
bbe422ccfa244e78837d72343daf6e00,高清翡翠台
c5937cea142132f1d2f2205a023cca1c,MPEG-2
063134c8947ca65d9bbad48352cf72b7,花旗松
5559b1d3bae993cbb3e64b79e4f11da8,2005年
f635c5328a67f3b4ea199803a69c628c,1931年
05a0bcfe990c78d4501086f71f9ff3d4,涿郡
b91bc3ed52d62adbad217f9d0856bd76,儀式
759e8c5b6cf9640be3f7838a5f92b9d0,1996年
7cd246812eac2a1f58a9294b9e1c8789,1911年
1ee0ba3474bedd5c051f9381bdf42129,企圖將之納入自己的勢力範圍之內
69e7ea7e9fcef8c9811637b898591ed0,1997年
659e476d1ff48bbc712bd5bb70dc74a1,南北大族之間時常發生衝突，內亂頻生
6ee78435059e04891bdf31d1e1b6400f,改革
696b02daf5061c59de15a745283a04fc,中華人民共和國
29ee855166f6ab403cfcd688075b9aab,輔士派
3e66cea9e8b685515689c753ae71f0fd,3767公里
ee49ace728eff25d3f5515fd3e08d6fe,溫和氣候帶
2bdfc7630e8f3d1788ced5244ffc7fd6,分權制
e7a2446e3ab0a1a78fb3fa58ab158648,產業工人
85e4cd4211817c3d8beb728dfb9a871d,亞洲展望
3dbfe876f272a148f593378e99ed3f8a,白蓮教
5512046991049ad7197ea88f1fa6d568,OVA是作為個人動畫迷購買的作品
6d5792808556783fb647215e047909e1,文斯·羅素
37400a5d3dd951c1825bfcfabf651270,2003年
8b09692562b60a8b99623c2536234958,千分之五
511beb86bde93c05aaa65099ec772d0c,250美元
f9a1e85c0cfbbea21f651047a09f2e3c,56萬人次
270e10c65c5c2e384247afd26373b7fc,《西發里亞和約》
5860f0a3f98a9e4695b631686cf7b7c3,青藏高原
bc43eff4bb4c8a62fb6837697d753f70,余建新
b8cfeea6b1ab66afc4d6a82e9e424765,2002年5月底
c3cfa512ad79cd5a59f0bdabe5f12334,可延伸標記式語言
109951dfc0c061fe63672231202aa4fb,漢獻帝
d4cbdb5d46ddb614cdca6da2e3567b0f,蘇丹
a1f2a1d12f922590e3d343531d0aede3,民國十八年
cd1654e0e046c850e9950c4e015e2cb8,199美元
c91383ecc68bc02bf8e73b1a52b60a4e,年輕藏人
762d1279d9c2617c5ce073191401d278,喀爾文派
defe069f51899b254b62cc2e7627275d,恐怖主義
d666532049255147770641c1dd3dab69,獨立領地
902e8e5a406d40c90e55360aac4c9e76,1950年
6a2f16641743863e1fcd84e432ce83bb,碰撞
659566fa865f8691d0e4554f6b8b6abb,吉隆坡
b344fd70c5e2c3cd1daf013c74d1c114,中俄
33d26e9c6ae7dce1f5f14992aa58ed6b,揚·勒丘恩
cd16df174626a363cbc48a71c6b7f43c,《全國各地標準時間推行辦法》
f833813b40c997140eabb156f0c37570,巴1路
85bc12e03b4b71b1a6b99b626fbe8e33,當選
b16664385e6c1e77bb3f859fb55ed62a,2004年
89cb1b48eb756ccda453f311e8ec5ec0,20萬張
94638b4f3a84a974c1641607529db5e8,2000年
5cda798192a4e59c85fcb179cd4b2f3a,1945年
ceec2b5bf1ff01256dc3c34c55b6f756,巴西里約熱內盧
faa06b3764d8d6bf953ce00f14eb1811,1968年
afc3293b9e85696c895d950255ba9870,1567公里
ff5b075266a56c2e5fbf198181f22c4a,中國時報系全球資訊網
d55f8857eb6d24d3d593d93e086dfed1,利用天然氣
1f1a1843b269294a9bf6ee1c493b8adf,山林
522b04eb0eefd5e07d22df0aa227f18a,"300,000人"
266d5fd4de384c595141b50095c0971c,上海淞滬鐵路
84c3bdc7acb5d742864c8b1d46dde072,任城
f7e80446e971ccc1d98adafb101e3c72,中美
3a2a4ea16f9b5295285dc5d9d0587000,蓋倫
6e5f8d4bc277f82cf781de8c9530682b,江華島
b6b80a52c734eeeff5449bdfa6b96be2,微軟公司
66b8b1b9fba980be2c2ea0aa41540c37,1998年2月
dccbc0da6aa05da9799c86a899f29f0a,巴西
c29d3300dc285629622bf453b11c055c,大公報
70031b1ec39c3808d6e81304a6476d31,2004年
b845a3379030278a9a69d8d5ce8dbc3b,東晉內部出現糾紛
9530427c80b92582a1cc57ea40087264,曼弗雷德·霍普納
c1ac560012f6f0caf7b57b9f9867c4d5,潛艇戰
513feb513bede21dc3dc2a700fc9eeee,《胡貝圖斯堡條約》
00316b54d96b95af18bf1e3b866b7465,通過官方與非官方渠道組織了數十萬華工
7b0d70677a98892e7cdeb449ca4ab8c0,西部
8dbd42910fbd2efb36e6c0359c8247d4,防止動亂
3fd4196754d9d477457db270bf42fc90,弱酸
86b748fd119e984dddfe500ad8ae56c7,中山市
4e009d651f65cd5fb1e8098cba766fbe,信仰
e1e6283aef5dcce12490cbb2f1205915,英國
fca0089648981e423956b9a48d0e113f,兩倍
b5dc87620bf91fc3481c218f307173b3,1981年
7aa542a570c770de13a1ddc9da20267e,四次
266fcd375d79308cd83d05a286d1cf7e,德國海軍日擴，威脅英國的制海權
5d88540cf65991caad03140c196282ea,清代
2925368ae804706f69ea97fa2349992e,中生代
a8e5c387ba8b9cbf3d1a05bc23621d93,杜百加鎮
7a122db29d80f12fbf5686f8677c490d,十年
2efa8cec2fd93897ae7157d9b619671b,鼬鼠家族
49b126df96b0bf761cdc5a7d84dcd81d,拉丁美洲
da26ad1241700c56b1a2de3af3c2928d,西晉
878fd3d4bb2ef8617ed8798e7b4e1164,臨安市
2636d423fb4ad0548a121b2687906503,基督教社會
fe352b46d3ecc7b5b907d959e210d3b4,該國涉及2015年8月所發生的國際田徑總會大量資料外洩
ba024e515887a756719ce2e1d4814637,太平洋工商論壇
9bf8bb41558489fb8b539663a3a6f0a7,上海
46e4b190b3fd5edfb705d238d2d8f0d9,2016年
a6a0a888d05c0a29da997e1518d89400,可延伸標記式語言
04e07f5678aa08637d7be40b83ec2d5d,秦始皇
528136b7cb669d02b5363c9a8c08d928,俄國
cbaff69a78447910e2e5869448f76ba4,德國共產黨
82fe1d81ea1d7321c3742832a503f818,國內商人勢力興起
ee486fe173f59ff10d3dbc60d1979199,填海所得
1f3ef6cf83acf89cc32a95976f2943ce,1899年
ef2ba53993f24c98323e15e44739ac7d,154個
db492c3633321dc674f1cd18bf039255,《布拉格和約》
38f6330ce49e017e0b107aab64472e10,索馬利亞海盜
4172bbcb500e3549fcbc3fc3e79a5b45,西德隊
efb9550237c463beab0fe88ce266d495,中央廣播電臺
b31936158c94bb9466591b74de804b5c,色
0196fb03c347f376c7d79d2b84cac484,祖師觀血案
6a48e3485f1c6a59d7ea98bb2b6a0313,1983年12月
44d132e711b3728e978341a85b5303fa,南部
6cb350720f2e2ec224ff5799856cedbb,曹爽
e23a6c1a625dcec438e02fd8d5fd20af,清代中葉
5a4f97c3efaf483e9e5a25e3be8e9ad8,東德
c98a7d674ba6f20a352c8fcf7ac693c4,史達林
d04d9b59e45df008d2bfb9ea2a1de9d1,陳文敏
ce0fe6eacdfc82b75907b83379212728,人民武裝部
cb98577bd8e9e0ae319e1ca5889d1715,南運河
597ed19ccae5f854bb501635179552ae,日耳曼人
02616d4e90f3919ff5563c39c502c078,1991年
82dc3aa500e67e7cda58f7548fb1b68c,《三國演義》
43a67e89480155f891cbf8cd3e7019a0,元朝
486cf20243957e70a474a86045a83490,電荷耦合元件
3996f2b183aa0ae2df0f799e6717842a,中國致公黨
86c307fee1c8b63594fa81adf9745aaf,為了解除俄羅斯在高加索被鄂圖曼土耳其牽制的困局
e6b47229545c60be2387b150716c2286,1994年
f6d44494fce2d4d5821b88289e88fcbf,1931年
6afac1e4b434537427d34764db81ce55,馬鐙
5209336d27db86635e7af590efeeee2f,年輕力壯的青年人在酒足飯飽之後就會借著酒力把木龍舞到街上
6b6e4014dac39690f7b96f503904cca7,紅軍
fb5c8f6cec4f81409a0cb6b1e2086bdc,30億
a676e47574da280b2dd27b8d5972ff0d,2002年10月24日
eb8783d39ac5c76986529a68bdf0e6b4,1986年
99ecf5ddf6ab787148d510077cfb4d54,基於她的政變而俄國內部不穩
c230d7a6bb1c72ff542a98709164bf50,二十年代
29efad3c4a47294c97b70522272b1def,翁古爾戰役
0652529da99339d146f4e4529ae021d7,1073項
448676ad6097dcfde1691c2bb6f6647b,抗日戰爭
2d23338b9861b442c8dff745c8104dc4,香港高等法院
73183082ea206ab274ce49fb5752a291,無瑕和尚
3e880d11d77f60dbc3eb4ff97214474a,領土爭議而不合
dd5289da84ff303dd286513cfbe6bbc8,威廉二世
b7e4b2c41a046677a595587bec8d47bc,六四事件
db3011c7e30720eb070cbd27e49a671f,3.19平方公里
4c2c5435974d7e9ca5eb25ecd8815877,1952年11月
4ae04b65d9e7d4cdc08feb0a1f9d8109,青島
65c6d58d52efc6e2a9414e53de01456f,賭球成風
cd4ff7dafa58fe1356dc0df1912f7d01,阿里·本·阿比·塔利卜
837ec721df77967f0019516fe24f88e0,綠地集團
995977a2385f55d1ac1912a2bbd01d43,黑暗時代
a6af33b6bb4acdc7e09593ee72251309,農業合作銀行
29fff050147d47bb85353fad7c54c287,《義勇軍進行曲》
a3d4e799996e2d6213aaec2be86d6297,2016年
50bb70ca45e5bf8dfd60de469a264e4a,李白
9544962dc0a1b08a5a7951ecfad4695c,利格尼茨之戰
935fb6c97b01933c85411584ca9c735e,大族
5cbf53911194d11f20d46b323b709e47,149美元
4b2bbab202fed047df50245ca049ea6b,俄羅斯
69721cad0a25555ca0575b28cf1794fc,無著
ac22eb6ea06cbd061575689c00e7dbe1,荷蘭人希望保證自己完全的中立
2549b4af99e2c9f6d659273eb6ff8cb9,二十世紀
784d5f9f018114f5afca2b51c1d51153,保護僑民
537737bb4b223ecb30cb2d84f1b39fcd,白堊紀
310db52d1afc7ba3c2ea5ac3e5c65234,十六世紀
dedb365f87713dc2802d37ce7551333c,西亞美尼亞語
0954205fd7e05bb6f1fd5e56538ab741,960萬平方公里
295a7080c6db24a21b7c49eda0cc8f5f,黨在1949年任務決議
6fcded45b7c3012b6ac81e36d0c7ba52,每個月進行一次
4fccf70e941253c35bb8d93743bdd651,奧林匹克
4dac79d6eff3431a0b53c9179ba44635,板橋市
dc99e78c8cd9e3ddbcb88c01848f87c7,場頻
734007e7eb47ca0a4d267158c518497f,滴滴阿
ca7e773d2d1ac229e5c21bc521a2196c,1983年
12a13044d843ad25f593286161d37213,1974年
d9be67a7ff340ed9929539fcbebefa6c,吳國
7d539626a01ea17d8b642e19ebbf8b81,義大利
ebb8f47efb676bf334ad3fc8157be4d2,太平天國
9279fe81fda5f3d396f36550918f72e2,中國海軍艦艇
ea2b6f61f78d88b77f314963fd02cfe8,第175名
991f60759e92b5e091b5c45877d87d7f,五個月
839986895dc2eb3f694e29ab1ffd69e1,私立大學
1df391970e1a511472098ea2c9fe6fee,七大
87681d05b25b3ad92cc32824c6779a63,中華民國海軍
1972fb47880e718d0fc85add0739cfbc,蔡英文
ba9531e6231e628d0c83d741ef40459a,2010年
b4419b304d516b62b5a470ab813b33f7,戶籍制度
10ed41b5ead5c0246c8ce9d6715731c6,6月11日
c86a21790bbb3dda55cc49e02319de7b,《行政院組織法》
0bb1b35e83ddb9db44392c4282516e53,10歲
20be6e2527629f7e1751e0f025e5adad,中生代時期
dd1ae6fd0a9dc19afc2dac28ed354f9b,法國
5454e3eaa9b6276e4e1bd0f38550b3fc,《明斯特和約》
b29c6829f4cceb690d5e84063ec5e2e9,1762年
c73ccca638e0825053e877957b03bc4a,俄羅斯帝國從東普魯士撤軍的決定
986f85d605605f08c7b7af895256802c,檀石槐
f60f8f942e291faaaf9913228726adfe,1965年
da81df4dcf69cb171ad7ed48f9d66126,支持度均大幅度上升
18a9f59577204cd1cb1ea7e0687bbd38,法國
8394bff6fe6c358cccce0faa346297c5,開埠之後
8a81ecc2b55254ccf97af204d208ad4d,國際在線
44b98afb9e8118b1fc16e79908396b93,2005年
aba2f71133fcaeefafc94399ecdc4b45,德國
969175d176c42ca2d7d7a97014281488,坦洲鎮
841e3d8c2b263f0d955feba940a39d76,維基媒體語言擴充功能包
823f8cb036f2ae3565402bd0b4616416,中外觀瞻之所系
ef651a2895f60227fa77b4d5f5d65cc3,2006年
c53d8104909580062eca8294153d0c98,行政級別
09ceddc11b3663280eb35486545b205f,楊承宗
ca5dc0b764f1af0b8978f9778df055ca,直隸
8940c13850e80215815ffaf473c720c6,人民法院
da666f4542d2b86eac689cba06331127,《搖滾本事》
2669e58d3a4999358eaf3965d59a9c04,5月25日
e4e3bb96ce60c87c1dd3521bd7631a4e,國民補習教育
50c027772ac633537bd0706aa7113317,低地
efeca91ee989ef7076edae460c6516fa,市場行銷目的
47a7f80163c9f1b1db088382c458d664,2006年
0398ee3a3f240a998c5a40503c044e4a,西哥德王國
814ca53aca8a236f94650a9498d4b377,蔡英文
98d85c3192ee89b776496b3730595173,2009年
bef2adeae83dc6f00e1cb7f2d2effee3,短波廣播
4726b2f05575e2b6ed78a638d56c2448,文化遺產
9e947f7484f0eb436b9460367def51a9,社會主義市場經濟
3b766f326c64c92eca442ef1a0150d05,缺水
ad8428f1b5bc4251b4f57d8c798cd829,麥理浩
6d8f3edd99eedb2abbbf8aa3d52f2760,四百名
1325b306d7b63efa2358f9920981e831,優勢動物是爬行動物，尤其是恐龍
97f3ffd0144ac0d07fc27b5c387643e5,上海至嘉定高速公路
09df94b293b24ee58df03e58ed1597d4,中國
dc7c8b4853c494583a80cc919ef31198,1940年3月5日
a02f305ae8ea7626d01bd467ff10f572,第三段沙洲平原
544e69fed1920d3b6ea5ff9c66e37414,網路TCP/IP協定族
73b28f64256aea90e8da24f19c007a60,1976年
8eb07714e77ac00728c395a5bebc5517,大主教
2bf7b39aa0238df60d5a48e0d59e306b,1914年6月28日
90daacfae2aba42c1d351e9fb0527a79,繩文時代
676485332316b5268abdcbfa5de7fb54,高原
aed6b8a719d5b307e59870d33d4f0662,元旦
c4521f98ca9db5eafba491273ea9fbae,非領導職務公務員
c3031c71a210a461a78569519b16a5b5,上新世
1cbf55d70e4471b0ed078714bf1d1cd5,格蘭特·斯托克
e77fc370b8b286a7d214ebf7faba06ea,華倫斯坦
7321c0c3c9af14648f40e377a5dc2d77,1975年
0e9e61c7ae1b393f88e923350ddb6f65,民間轉口貿易
0b0a9d8eee91950aa133468e7d2daf8a,全國人民代表大會尚未批准
883bb0ce1821305154b28f1e4eb450ef,中原地區發生天災饑荒
5db9479b21aa2ed0cafcdb5b3465fcb1,三城黑鷹隊
cbe761fe9489cc4d7625eca6818e7ac4,1969-70賽季
01660872246c4d603a08befc7b042ad4,泗水
db0fcde22f7de7b1ecdef0f6f6f77fa7,尼赫魯
74b89924888c7724b7dd7b1c4934c5a5,義務教育
a841fc948582e63384d5f73277175969,胡錦濤
0049e690c5f60f485bf8ae4d52168596,侏羅紀時期
f947d2d76d4ac8e7b66c429e528db371,一個
fee89b32af495fef87a03475d1bd51ad,江澤民
0c23bb15eda8e4db655afdf53c7f956f,義大利
2e2a69f49bbead8ed1ba7c307f9cde55,被批評反對資產階級自由化不力
058d67ecc427f03c912b57d8103f3514,劉知幾
cf32fa3418e38b5e898026a403903621,以便抵銷巨額虧損
01638cce6c06258885dfb191b42222b2,基本一致
baa191aac9b39a7467f5e77b8c62de97,1908年
c63af3ae0ab0db2864c73426480010c0,西環
4c46f28f6246ed20c2c61eea6f1e919c,1970年代
fcfe17cd8a5601ea7caf27b0b29fc1f0,培養高級學術研究人才，並兼有科學與人文之研究
b7f7221555ec65ce2fb5c09490c0655a,泛綠台獨人士
00650540905a584f49cf8ec6d235342a,西柏林邊境
ed49fec98c26692c9345a49f49d5d274,庫勒斯道夫之戰
e329636f584f746627457f12782b2099,修建亞斯文大壩
58102bd929698421a233a1296abcfe09,總統副總統選舉罷免法
a78a36680e60ecf9e67c4c112db4a068,工農聯盟
0631e86b662189b92eaeec748e70b73c,圖像互換格式
795891e1dc061b72272cd990b1cb8c25,中部
0dec302e568b09342dfe7fcfe8590652,中國共產黨
9bece6290d38777d4fe3476d31dcdd60,羅斯福
fb46b2794ec9ab36c204d8cbe9b9c604,五通橋區
87a1bd070fa6f46fda730d05d24c6936,印第安人
810b8017f967afbf10ee425ad64ef594,旅遊業
b7c196abd74d46aa61d2e88c366ee38b,14歲
58ee4aa2946afddb4ba86ef56dedde66,共產黨
a53868723db99793d4c4febdcf466fd9,集中制度
2c4018dd6a62f452e0fb89a7cd3e7eee,「文化大革命」
8a9d7fad9697a81a0ec90634d4e0761f,擊敗關羽後
fcc2b921bfe2fc1b723a369e807d74c2,美籍
3fc3c02e6c0adc3b8855d10a570fd213,粵語
8f12a61a5bb677c2882208a379d224a0,朱清時
93aebdaafe85b6024ef4b6af54c4e940,能夠參選第十任德國聯邦總統
93248bb14133281059ef69b86b4c73d5,五十尺
3239a900cfc45a36a4fe719a7a998dbf,新墨西哥州
5acfad8afa87b83b5540fbd0a6bbbd8b,1984年
23035b37ce96810cc6bace5a9600fe45,總統
a209407d65147e9ad0821bb67dbd3d6f,彼得三世
fb5ba5aa6829bd154a957e03c142a020,100萬個
c21d198c049b4f91cfd033a2105521e9,淝水之戰
a245500eba8f7e39b610a4d5a3ad9fb3,粵菜
02013e38f7085369984a853821b768bb,大包幹生產責任制
01b64f7f13d85b92ea8360667cf0d6ad,石油
3961b3b2ea57d95e7c986ede0d4b1545,大洋洲
77f83cfd52aa5824a0a14ab8efc50256,720p
66722dc7cb9cf470ac57af4feac5406e,外高加索地區
7bfc00de12a573defd20585bb42071d4,「中華全國自然科學專門學會聯合會」
83dd9cdbd2656dc89e1a81b080021576,與中華民國有邦交
004a8946ca1726d36c431a232dc8f80f,5000萬部
7c44569f12ae71317b9dac2aa482f1cf,胡錦濤
ec7098b3e9e0b2e5677ab5806d6b80bc,浙派
3db5619ad068110561c5691e333357c9,"2,402,017人"
c65f65e110135bc67a1c25188678de9e,傳統的「短波廣播」容易「被屏蔽」
e3bf9a9fb5464239381571fd32abe298,使用堅壁清野的戰術圍山三年
df44db8c6eacdd98ba1d8cee66f19159,1888年
67f7fbe701c22a0a40cd36a767711c61,下薩克森邦
91bad7d31528ee0f24735e26b2515cce,劉道生
e2537fe2bbc50d5d85fc88566faa712c,1996年
80256a3afe760c7448020de96eea744b,1979年
a92d2dd6b32590e66eb42f60565661d8,臺北市國立師大附中
148a9cb2c304b6d913abc8a239f7c3ab,1996年
7adfff847c5e46742cfa0db91d4f7213,農業生產合作社
ec1e6d68b41e477e87afbd470c46a55c,其生前逝後各種瑞相酷似佛經中記載的地藏菩薩
1cf35b442a7a86ff5165b1e68f419db7,神聖羅馬帝國皇帝
5a9a59203f9f419e4795fda6a2a71ad8,華倫斯坦
f672ae40bcec706c19791226d3f76a11,2008年
fb920dcdea1434e19fe84cf63a279717,理事會
412bfc735636f07ccb63d8c537fb9e76,《中華人民共和國刑事訴訟法》
b0e205f73ee6ee1afe1711f590910a58,192年
6956a7dcf66df3aa66eb9a80d66ecd44,保加利亞
bd3729a5291c49e9d722c48455ff0c38,匈牙利
13f6061a65b0bf18a1716c242ec0ee22,文斯·麥馬漢
8c8344c91a3b3e16f965a9b32fa2eb38,宗教統一性
ef0e1abaa215e1e70231741008a8be59,萬德利茨
f44edbf764946a1481048f171f61c4bb,2008年
222c3514b68d260f90e3fe21f0524c1e,經院哲學
90c01370a390eb630d86563545556cf3,大宗貨物
5f2dcef7342a64cdfabfa5e6ec2bae25,靈恩運動
6c1e095da77f404006056d35d9275382,攝摩騰
451ceffbd268e65008e5839e64a91976,同盟國
e75ea48f3aeeb3777278cd2782edd464,北歐
bfb4a5b603582f8c01394bfd53d162ff,河北省玉米加工考察團團長
ed103e5771d69f175fd95f7676104fbc,10月1日
e4bb1148f4f500fd5ed6bc0abb3fb9d7,中山市
9c1beb8628acc30d4bb09d4ab52141c5,中國
1a064e47864a8134881df25562b7386f,「只能增加不能減少」
e05a2aefae04dc3da0544e777d318226,江南
67462e58120a889428c49cb9ee7ab6ee,1993年
c22ee18f096213d7f98e82f96349372e,南蘇丹
b13e4f793b2e636068fdb91a2f4cbfea,田漢
cac675381d6e6b22d696f1b82aaf5974,蘇聯
05e9775306c52ea2092a08c6d9743b9d,1986年
3214872168c09498472c19c212bd362d,木龍舞
f37ac4ebfdf13040130c4a3bf5635daf,1897年
65e4e5f8d367c4229f24fa1274759d0b,天文學家
c223a2745e60148a5962dd789fc10431,烏克蘭人
dff6e615ab0e60ef567d02b859ecfecf,秦朝
87660a51458145625c8e8faf1d084cf6,明代
746639e34a6edae928831d352f286268,曹植
20ae504d2fa4e272d5d06703e1f8a317,18人中，有白志東、蘇淳、李尚志、范洪義等7人
91ac336c2b443a3a35c81cb0bf5a619a,說方言
2731a95a697e85d610cd665bb265ec50,常常騰空而起
692c495657590ac183da2b936e3b4f0d,菊花會
c8d9f5e47b2dc6f713422f6f9e056525,1915年
dea3bbec90babea1a46c636ac936551f,摔角狂熱
ed450e81901d07fe4b1b39ab902247c3,1995年
471b24dd03e1f6571efe343ffc3f110a,奧匈帝國
d512d0b9eb193018094a3561f39882f2,1979年
9a597d9aee17a50987c770d8cda08789,"9,000人"
5bbd0758f28edddd01075e1e7a18a7c2,16500個
0a22215970b161d97348fd5528d3b49d,1953年
848e5b4ded4c8f54b92d52f2da7febca,205個
306f87b2ded732ab368526c8346cca64,八個
5a7f293936143369d5c1a609ec61d07d,1945年
b04cbc079668d669767d95c119037ae2,楷書
ec67eb9675befece4e7f4dcd91b98397,1994年
adc25903e785084f638552a5285f215c,氨氣雲
5e822729779fbd8f3159d1d56bcaa1f4,有袋目
f137ed61c71fcbb31ceff5c60a1bdc4b,海面的降低
cf4d2b9b206d48ee1d82c5385520e173,英國
6402cb0b94b5eeb2bafce20a5a29c976,蝴蝶蘭
f36c45a61487c327e48e65eae50b6005,臨沂河
ef72331bddebc8aa3b5ee57d04b33b7b,中國大陸
a8130a2d6f8997f39caa785cf6b1730c,上海文廣傳媒集團
b8aac85be1e3dcd858d3f404aa0a376e,中央銀行
87b2fba222e4ee5f5496c21579529623,中央城市工作部
7d7f10652255fa1c0cb7cff1212c2e90,美國
973e27d218e9ae3a04479ce66ba7d731,1945年
ed043c9ecb35b39be89f43b1254375fb,修道院
fd90eb4bc19486188f3dc2ac75e45245,1970年
8c18c57a6ee80ca48a84dcede71bd6e0,下薩克森邦
f021331f7e32be80a1940c6952939416,《盧貝克和約》
e1b5536bd806d1ddac7dbd76b94d667c,北宋
ba4c8354a8131f486de0e1aa99f66f26,通過蘇聯的財政支持和蘇聯產權企業改制為東德國有企業
ff95f895876e9b27ab8864571e84b6f2,青峰
e92c27d1d5c24c43698a37b19e6fb0f7,北印度
9ca8351165db05ab83d2b4fa93233127,楊廣
4667d49540b1f7e3c106d7664daf0f0f,薩克森軍
25c245f44fc96cfd7ea1157104d80db8,1972年4月
81209426dfab04c12f37d1f0e3619685,六
2d2c76599bdcd54b805327c551ac7aa6,軟體學院
c3553ad879e3bd1b4b83d69c0441a0a8,1839年
1b566002f11ab2a178278a6f70bbb7a2,職業摔角比賽
374c235397f7d9a7e4a675c395f6bc05,128個
04f267eba42789ea6236d2949bf7ddea,5000年
a2bc39ca70b4598d71885dea766566ea,中南海瀛台
66ba7b61128e442d6edd77d5780dc8cb,第三
9fb09cdcf667e5bc1bdb96a79a91cd9f,1881年
ea5aea9bbe36ca1c6cc010c5705d6a8e,1758年
7421ffad55ee8f7e1f95509ebb27f2e1,反哈布斯堡王朝集團
176b23e3255a202d57181e535c1bc472,三國
6465cac9a4b98065e2b2ae3b0de67bea,漢室宗親
d280b70fe3770fdc12e64a3ffd2fdc7f,毛澤東
c4bfd24cd90f78d03ea8110c3cd1723a,新創基金
533b7428a18779f915336a02b0d031e6,2000年代
cc60dcdc8273315c0bf09cd1f1a813e3,中國的大陸領土
5c0e1dda9c4945f8925da23f25feddd3,1949年
5f25899ff296e9e34d4e06a920598022,魯迅
d42338d714c35a1ee7b96eca530cef8a,全國人民代表大會
5f570a69c0dd9069b104a2fc58a7e624,2019顆
b3a25a9885635738eb2ac5315b345da7,爭權
e30dfe511a36bddec548dab0b4df3e05,第七世代遊戲主機
e32fbaa7000ca2dadb7a3dec9151923b,中日戰爭
2481ba4ba992bf375658e535255067cd,中國聯合網路通訊有限公司
048f3bad8c9aae0a325c15c2bc57581a,華僑
794585ab3528a5c00c55b7ac279f9bac,打擊海盜行動
387bc41b25bb3936d38f14b2240b6a7c,選舉
7855fd621112cbe1a703f8540a20193f,2016年歐洲盃
0dc1dbb13981110fded8918cdfd779d5,真正接班人
0cc07c33beebea237157f663bd7fbdbb,自治
0896c245ec872606ba13749f014d78c5,國際紙價上漲
6ed58268cb07b5958fa46c804299053f,日本
94d96dc9ed7590fede70fc30e6ebeb33,華人天主教會
888348e2d7f067976fa9ddcccb3a49c2,2003年12月
d9c5f3930f4fc1ca4799d43280366f49,120回
23f9c62c6e6982aafe86f1cb9246c50d,總書記
dc22fe2c31841ef2cc756fe3c7af102e,向劉備拉近關係
53f88fd1230a128a597881b20380a4e4,石油
30766cc4dc194a46a9a4c5372bd62f71,吉劇
d9e9af2a7000ebefdc36501df429f9a3,江澤民
f759b957c833ff0135f36ec0fb285116,毛澤東主席
96e39851bb5583a94b03e1f98802f7e7,辛亥革命
65d2fc3edccd2cda710cf0b6e2a2be0e,滴滴阿
b791225436a92626bd91504496556a7e,1999年
05bcbbbf2bb6c3f70d38d12a96ac1ebc,壓縮損失
916fe6912e2a389d9a81d854936c8fce,中國美的集團
1aca689bf6c850090e9490ec0199097c,半山仔
f6ae725bc6ea4bb006836f13079fc587,液滴
ebdb6e5a69f49b08c9a8f4020c06955b,帝國境內新教徒
f4c9fc7a0bf2a5cddbb20c938c7da705,下薩克森邦
5280b9e5ac10f2ca776f2d37188ff8da,李仲生
0a3768448ecbcf201dc5c56213edb790,陳果夫
0ff4bb05441640e29f259ac97b99ed96,書評版開卷周報
e77ea4d0547b42f6bfeb1bb057368482,1977年9月18日
6a2613cc67e40d48f53b3708b602fecc,德意志聯邦共和國與德意志民主共和國關係基礎條約
8e0d53ff81195b55813a4776abffd057,紀念普希金誕辰150周年大會
a22378e4efc0b01405c7604b545138e3,褐煤
4f13f3bb3c88b967ba8ac63a008fe784,維護臺海空域制空權，以確保臺澎金馬地區的安全
05bf3a771499bec6bdac9801a94dfc6f,為了扭轉毛澤東極左派政策所帶來的影響
e8734ee5e95ed7a18c70c020f6ae2fa0,黃帝時代
c41a0a55fc7eb0e3cf9fba537d643e8c,204億元新臺幣
d8053bf4edd3e702f20b13d18e522766,西班牙
9e3ca6a323b92f33f22ffafcf16c1712,中共十七屆一中全會
b6b54f651ca057f10a25b59020158220,三民主義之民族主義
2a770fa27bb6734a6894907096b66894,民國28年
2b172ee5ff6c8c6d4769c4161d6d63de,中山市
48eb5404eb7f6d712cc7fc4d0be8351d,上新世
71f43b1eb2a54001e1dca5e046f4996d,十
3cd2a47b48e2ca76932d7807a642cedc,麗妮兒或林尼爾
ccd39e0a2bc780a0fdf2dceb33fdb705,1990年
ea31c8cb123e753fcc41126817931c46,曾聯松
422eeb1e83c19220ff12e4da93f57e34,1976年
71d718dae7bd5f8491e3c4cb3c753707,長江以南
26b4ac291da6a25d5d0084af49748633,山東省
c4fd151a42d82291ff49e03b21518710,普利茲獎
f2343fb994760c7b9bc7f484f6f61141,大英帝國
901dcb92651e051d55d571fd812853d1,縣三
565f37c68c0d47bc364d21ec90567b7f,寶南
5e46b1eb9d7656addb53b24bf737979c,IMDbPro
ffa27a31eafee12dba4937ca6833be5b,第3架
849c606cb25a42d3458cd124dcfc17af,布希
050dce821b7231620f8689cf8f999523,弗里德里希·馮·阿爾伯
cf747f17103ccd187f936c770f1d9ac5,PAL制
c9498a790979209b5bb164473e4769e5,兩宋
88922f4b2556d8064fa9c01fdde15d6b,加爾默羅會修會
99d7d4919a7ccb5e964e405bf59892a0,1982年
89a51527120cad54b2630eebb6956118,第二屆德國人民會議
d180ae711821e01df0db81d8c8a7ac7d,集中地點
ce3aec22b2765d98c94b3be7540d1c06,卡爾·馬克思城區
eaa9c90c70aded6b10125c40014daa4a,波羅的海
dcf332e846950890e5948c566df5d8d0,293.15
574052aaa238c4a54e092c8e5bac3766,對流層
4cc85ed9175484b52dd0739048bf0f32,〈放肆〉
108435bc5eb6d7486cd9280fae767d26,大霧
8997621542e157c632a380be75909a69,1758年
2e02ef5d6db645e82dd4cb92971bcf69,右京
af220a43c88afab0e224480e949cf0cb,元代
807a739091cb02cb91397910c9cd3849,超文字預處理器編程語言
d69be2f3b06aad186df4d0047d06c8da,恐怖襲擊事件受到任何國家的指使，將視同對美國的軍事襲擊
98499bb9c252c27373ffc21291dfd214,何進
e0581dd9c8fef6dd89a960a7e3d461df,"3,000"
069446885260499c54ecc94049f612d9,遼寧
111f9efe6e7c9fd1b76901c5ef053b70,2010年
c13ad6372425e400cc2887d0e8c37de6,中華人民共和國
053cba75997f3a5ada5d40fdde5ff7dc,森林
78976f075f3e14b9e8723b5bb187569c,為中央政治局常務委員會委員排列其名次
a293de5fffeb38ecc01400c16e6d1e35,深化國防和軍隊改革
644f62f5cb87d498f28e83a202ef67e7,440
8f6a50fb31ed21e1620a893a4ffcb91e,為了防止弗吉尼亞與賓夕法尼亞的擴張
71e5ec6a6d71af40c0e28f77f5327640,蜀漢與孫吳同盟對抗曹魏
f2b508b6f59f1e54765cf02156a8baa8,1914年
68d518c2958294e091dfce10950c8b68,14個
b802eff86c2927438bbe9aacffac8240,九一一事件
834985e65c8c7feb6de3ff9f0e9de287,《三國演義》
d8f85c3608b28f3262046ff80cdd501e,黃桂光
c78a8fd628df9f3960fa653f6470ae75,1930年代中華民國抗日民族統一戰線形成後
e0e229747b7697a181d2054fa39922b6,上議院
6d9ae14f5864c63922e3717c14fa3d0d,1867年
fe49943c16130bc9798173deeaa1a8d4,微笑
f81e52babb4bb158565877c4cd77160f,亞軍
d2d5853e473bc15a07a00afd87c62f01,涼州
973c6966850f08125b2e1996955079e3,三千公里
fdb99cb40e462ec4106317535d73f166,洛杉磯
3d5776c53eaa5ae1d88fb3eba1d59060,1989年
99b55eccd9889e273eefc8da955a07a3,馬克思列寧主義
d51c3a7f6cb76a84aa6350df91faa7d5,大型運輸機
831b899abf732d67a15d33ce04cf5863,趙雲因
9742b51e025adaf2ce93d20864d8e55b,改革開放
a2f99ea63659d7401e029651e9ddb0a6,波希米亞
